Time,Signal,MaxFrequency
0.0,0.0,6.0
0.001,0.05025622255328715,6.0
0.002,0.1004569009712702,6.0
0.003,0.15054656754341622,6.0
0.004,0.2004699073005266,6.0
0.005,0.250171834115038,6.0
0.006,0.2995975664773139,6.0
0.007,0.34869270284064013,6.0
0.008,0.3974032964282498,6.0
0.009000000000000001,0.4456759293964684,6.0
0.01,0.49345778624898223,6.0
0.011,0.5406967263983007,6.0
0.012,0.58734135577169,6.0
0.013000000000000001,0.6333410973602162,6.0
0.014,0.6786462606110368,6.0
0.015,0.7232081095647213,6.0
0.016,0.7669789296411635,6.0
0.017,0.8099120929795735,6.0
0.018000000000000002,0.8519621222400817,6.0
0.019,0.8930847527766811,6.0
0.02,0.9332369930935436,6.0
0.021,0.9723771834991823,6.0
0.022,1.010465052875499,6.0
0.023,1.047461773481424,6.0
0.024,1.083330013713654,6.0
0.025,1.118033988749895,6.0
0.026000000000000002,1.1515395090030223,6.0
0.027,1.1838140263176784,6.0
0.028,1.2148266778440426,6.0
0.029,1.2445483275267952,6.0
0.03,1.2729516051506975,6.0
0.031,1.3000109428876714,6.0
0.032,1.3257026092938144,6.0
0.033,1.350004740708407,6.0
0.034,1.37289737001066,6.0
0.035,1.3943624526937037,6.0
0.036000000000000004,1.4143838902191264,6.0
0.037,1.4329475506192375,6.0
0.038,1.450041286318139,6.0
0.039,1.4656549491466326,6.0
0.04,1.479780402529987,6.0
0.041,1.4924115308315915,6.0
0.042,1.503544245839577,6.0
0.043000000000000003,1.513176490387524,6.0
0.044,1.521308239104468,6.0
0.045,1.5279414962934745,6.0
0.046,1.533080290942137,6.0
0.047,1.5367306688724347,6.0
0.048,1.5389006820414304,6.0
0.049,1.5396003750083533,6.0
0.05,1.5388417685876268,6.0
0.051000000000000004,1.536638840711393,6.0
0.052000000000000005,1.5330075045290634,6.0
0.053,1.52796558377533,6.0
0.054,1.5215327854419645,6.0
0.055,1.5137306697925532,6.0
0.056,1.5045826177630963,6.0
0.057,1.4941137957950983,6.0
0.058,1.4823511181514357,6.0
0.059000000000000004,1.4693232067688597,6.0
0.06,1.4550603487044778,6.0
0.061,1.4395944512369871,6.0
0.062,1.4229589946867562,6.0
0.063,1.4051889830220903,6.0
0.064,1.3863208923221586,6.0
0.065,1.3663926171701015,6.0
0.066,1.3454434150527792,6.0
0.067,1.3235138488464497,6.0
0.068,1.300645727470373,6.0
0.069,1.2768820447929543,6.0
0.07,1.2522669168775045,6.0
0.07100000000000001,1.2268455176570554,6.0
0.07200000000000001,1.2006640131299027,6.0
0.073,1.1737694941696366,6.0
0.074,1.146209908045394,6.0
0.075,1.118033988749895,6.0
0.076,1.0892911862345094,6.0
0.077,1.0600315946521526,6.0
0.078,1.0303058797102196,6.0
0.079,1.0001652052370253,6.0
0.08,0.9696611590663191,6.0
0.081,0.938845678345435,6.0
0.082,0.907770974373422,6.0
0.083,0.8764894570761876,6.0
0.084,0.8450536592261881,6.0
0.085,0.8135161605145503,6.0
0.08600000000000001,0.7819295115837381,6.0
0.08700000000000001,0.7503461581289064,6.0
0.088,0.7188183651759881,6.0
0.089,0.6873981416443165,6.0
0.09,0.656137165301165,6.0
0.091,0.6250867082150199,6.0
0.092,0.594297562813708,6.0
0.093,0.5638199686526197,6.0
0.094,0.5337035399972558,6.0
0.095,0.5039971943231787,6.0
0.096,0.47474908183512426,6.0
0.097,0.4460065161055827,6.0
0.098,0.4178159059315686,6.0
0.099,0.3902226885065564,6.0
0.1,0.3632712640026805,6.0
0.101,0.3370049316563085,6.0
0.10200000000000001,0.3114658274479315,6.0
0.10300000000000001,0.28669486346506123,6.0
0.10400000000000001,0.2627316690344246,6.0
0.105,0.23961453370721975,6.0
0.106,0.21738035217857032,6.0
0.107,0.196064571219554,6.0
0.108,0.17570113869731707,6.0
0.109,0.1563224547558194,6.0
0.11,0.13795932522667387,6.0
0.111,0.12064091733637017,6.0
0.112,0.10439471777291465,6.0
0.113,0.0892464931715432,6.0
0.114,0.07522025307573366,6.0
0.115,0.06233821542622642,6.0
0.116,0.050620774627144094,6.0
0.117,0.04008647223465722,6.0
0.11800000000000001,0.030751970309898513,6.0
0.11900000000000001,0.022632027474036698,6.0
0.12,0.015739477699582838,6.0
0.121,0.010085211868103516,6.0
0.122,0.00567816212058081,6.0
0.123,0.002525289022686006,6.0
0.124,0.000631571563226907,6.0
0.125,0.0,6.0
0.126,0.000631571563226907,6.0
0.127,0.002525289022686006,6.0
0.128,0.00567816212058081,6.0
0.129,0.010085211868103516,6.0
0.13,0.015739477699582838,6.0
0.131,0.02263202747403681,6.0
0.132,0.030751970309898735,6.0
0.133,0.04008647223465711,6.0
0.134,0.05062077462714398,6.0
0.135,0.06233821542622653,6.0
0.136,0.07522025307573355,6.0
0.137,0.08924649317154298,6.0
0.138,0.10439471777291498,6.0
0.139,0.12064091733636995,6.0
0.14,0.13795932522667365,6.0
0.14100000000000001,0.15632245475581974,6.0
0.14200000000000002,0.1757011386973173,6.0
0.14300000000000002,0.1960645712195539,6.0
0.14400000000000002,0.21738035217857044,6.0
0.145,0.23961453370721908,6.0
0.146,0.26273166903442435,6.0
0.147,0.28669486346506134,6.0
0.148,0.31146582744793094,6.0
0.149,0.3370049316563083,6.0
0.15,0.3632712640026803,6.0
0.151,0.3902226885065557,6.0
0.152,0.4178159059315685,6.0
0.153,0.4460065161055825,6.0
0.154,0.47474908183512365,6.0
0.155,0.5039971943231785,6.0
0.156,0.5337035399972556,6.0
0.157,0.56381996865262,6.0
0.158,0.5942975628137078,6.0
0.159,0.6250867082150195,6.0
0.16,0.656137165301165,6.0
0.161,0.6873981416443162,6.0
0.162,0.7188183651759879,6.0
0.163,0.7503461581289069,6.0
0.164,0.7819295115837381,6.0
0.165,0.8135161605145502,6.0
0.166,0.8450536592261887,6.0
0.167,0.8764894570761879,6.0
0.168,0.9077709743734219,6.0
0.169,0.9388456783454354,6.0
0.17,0.9696611590663191,6.0
0.171,1.0001652052370256,6.0
0.17200000000000001,1.0303058797102203,6.0
0.17300000000000001,1.060031594652152,6.0
0.17400000000000002,1.0892911862345094,6.0
0.17500000000000002,1.1180339887498953,6.0
0.176,1.1462099080453931,6.0
0.177,1.1737694941696362,6.0
0.178,1.2006640131299031,6.0
0.179,1.226845517657055,6.0
0.18,1.2522669168775042,6.0
0.181,1.2768820447929543,6.0
0.182,1.3006457274703724,6.0
0.183,1.3235138488464495,6.0
0.184,1.3454434150527792,6.0
0.185,1.3663926171701006,6.0
0.186,1.3863208923221584,6.0
0.187,1.4051889830220903,6.0
0.188,1.4229589946867556,6.0
0.189,1.439594451236987,6.0
0.19,1.4550603487044782,6.0
0.191,1.4693232067688595,6.0
0.192,1.4823511181514355,6.0
0.193,1.4941137957950983,6.0
0.194,1.5045826177630963,6.0
0.195,1.5137306697925534,6.0
0.196,1.5215327854419645,6.0
0.197,1.5279655837753299,6.0
0.198,1.5330075045290634,6.0
0.199,1.536638840711393,6.0
0.2,1.5388417685876268,6.0
0.201,1.5396003750083536,6.0
0.202,1.5389006820414304,6.0
0.203,1.5367306688724347,6.0
0.20400000000000001,1.5330802909421373,6.0
0.20500000000000002,1.5279414962934745,6.0
0.20600000000000002,1.521308239104468,6.0
0.20700000000000002,1.5131764903875238,6.0
0.20800000000000002,1.5035442458395767,6.0
0.209,1.4924115308315917,6.0
0.21,1.4797804025299872,6.0
0.211,1.465654949146633,6.0
0.212,1.4500412863181393,6.0
0.213,1.4329475506192377,6.0
0.214,1.4143838902191266,6.0
0.215,1.394362452693704,6.0
0.216,1.3728973700106604,6.0
0.217,1.3500047407084075,6.0
0.218,1.3257026092938144,6.0
0.219,1.3000109428876718,6.0
0.22,1.2729516051506982,6.0
0.221,1.2445483275267952,6.0
0.222,1.2148266778440429,6.0
0.223,1.1838140263176788,6.0
0.224,1.151539509003022,6.0
0.225,1.1180339887498951,6.0
0.226,1.0833300137136543,6.0
0.227,1.0474617734814238,6.0
0.228,1.010465052875499,6.0
0.229,0.972377183499183,6.0
0.23,0.9332369930935432,6.0
0.231,0.8930847527766812,6.0
0.232,0.8519621222400822,6.0
0.233,0.8099120929795733,6.0
0.234,0.7669789296411637,6.0
0.23500000000000001,0.7232081095647203,6.0
0.23600000000000002,0.6786462606110362,6.0
0.23700000000000002,0.6333410973602159,6.0
0.23800000000000002,0.587341355771689,6.0
0.23900000000000002,0.5406967263983001,6.0
0.24,0.4934577862489825,6.0
0.241,0.44567592939646905,6.0
0.242,0.39740329642825095,6.0
0.243,0.34869270284064,6.0
0.244,0.2995975664773147,6.0
0.245,0.2501718341150393,6.0
0.246,0.20046990730052658,6.0
0.247,0.15054656754341667,6.0
0.248,0.10045690097127154,6.0
0.249,0.05025622255328717,6.0
0.25,4.898587196589413e-16,6.0
0.251,-0.0502562225532862,6.0
0.252,-0.10045690097127055,6.0
0.253,-0.15054656754341567,6.0
0.254,-0.2004699073005256,6.0
0.255,-0.2501718341150383,6.0
0.256,-0.2995975664773137,6.0
0.257,-0.3486927028406391,6.0
0.258,-0.39740329642825,6.0
0.259,-0.44567592939646816,6.0
0.26,-0.4934577862489815,6.0
0.261,-0.5406967263983014,6.0
0.262,-0.5873413557716897,6.0
0.263,-0.6333410973602155,6.0
0.264,-0.6786462606110373,6.0
0.265,-0.7232081095647214,6.0
0.266,-0.7669789296411632,6.0
0.267,-0.8099120929795739,6.0
0.268,-0.8519621222400817,6.0
0.269,-0.8930847527766809,6.0
0.27,-0.9332369930935442,6.0
0.271,-0.9723771834991823,6.0
0.272,-1.0104650528754988,6.0
0.273,-1.0474617734814244,6.0
0.274,-1.0833300137136541,6.0
0.275,-1.118033988749895,6.0
0.276,-1.1515395090030225,6.0
0.277,-1.1838140263176786,6.0
0.278,-1.2148266778440426,6.0
0.279,-1.244548327526796,6.0
0.28,-1.272951605150698,6.0
0.281,-1.300010942887672,6.0
0.28200000000000003,-1.325702609293815,6.0
0.28300000000000003,-1.3500047407084073,6.0
0.28400000000000003,-1.3728973700106608,6.0
0.28500000000000003,-1.394362452693704,6.0
0.28600000000000003,-1.4143838902191266,6.0
0.28700000000000003,-1.4329475506192382,6.0
0.28800000000000003,-1.4500412863181396,6.0
0.289,-1.4656549491466322,6.0
0.29,-1.4797804025299865,6.0
0.291,-1.4924115308315913,6.0
0.292,-1.5035442458395765,6.0
0.293,-1.5131764903875236,6.0
0.294,-1.5213082391044679,6.0
0.295,-1.5279414962934745,6.0
0.296,-1.5330802909421375,6.0
0.297,-1.5367306688724347,6.0
0.298,-1.5389006820414304,6.0
0.299,-1.5396003750083538,6.0
0.3,-1.5388417685876268,6.0
0.301,-1.536638840711393,6.0
0.302,-1.5330075045290636,6.0
0.303,-1.5279655837753299,6.0
0.304,-1.5215327854419645,6.0
0.305,-1.513730669792554,6.0
0.306,-1.5045826177630963,6.0
0.307,-1.4941137957950983,6.0
0.308,-1.4823511181514362,6.0
0.309,-1.46932320676886,6.0
0.31,-1.4550603487044786,6.0
0.311,-1.4395944512369878,6.0
0.312,-1.422958994686756,6.0
0.313,-1.4051889830220907,6.0
0.314,-1.3863208923221582,6.0
0.315,-1.366392617170101,6.0
0.316,-1.3454434150527796,6.0
0.317,-1.3235138488464493,6.0
0.318,-1.3006457274703729,6.0
0.319,-1.2768820447929548,6.0
0.32,-1.2522669168775042,6.0
0.321,-1.2268455176570559,6.0
0.322,-1.2006640131299031,6.0
0.323,-1.1737694941696355,6.0
0.324,-1.1462099080453934,6.0
0.325,-1.1180339887498953,6.0
0.326,-1.0892911862345085,6.0
0.327,-1.060031594652152,6.0
0.328,-1.03030587971022,6.0
0.329,-1.0001652052370247,6.0
0.33,-0.9696611590663193,6.0
0.331,-0.9388456783454355,6.0
0.332,-0.9077709743734208,6.0
0.333,-0.8764894570761875,6.0
0.334,-0.8450536592261884,6.0
0.335,-0.8135161605145493,6.0
0.336,-0.7819295115837381,6.0
0.337,-0.7503461581289067,6.0
0.338,-0.7188183651759869,6.0
0.339,-0.6873981416443161,6.0
0.34,-0.6561371653011652,6.0
0.341,-0.6250867082150184,6.0
0.342,-0.5942975628137076,6.0
0.343,-0.5638199686526197,6.0
0.34400000000000003,-0.5337035399972545,6.0
0.34500000000000003,-0.5039971943231782,6.0
0.34600000000000003,-0.47474908183512426,6.0
0.34700000000000003,-0.44600651610558156,6.0
0.34800000000000003,-0.41781590593156837,6.0
0.34900000000000003,-0.3902226885065564,6.0
0.35000000000000003,-0.3632712640026794,6.0
0.35100000000000003,-0.33700493165630807,6.0
0.352,-0.3114658274479325,6.0
0.353,-0.28669486346506157,6.0
0.354,-0.26273166903442535,6.0
0.355,-0.23961453370722052,6.0
0.356,-0.21738035217857032,6.0
0.357,-0.19606457121955434,6.0
0.358,-0.17570113869731774,6.0
0.359,-0.15632245475581963,6.0
0.36,-0.1379593252266741,6.0
0.361,-0.12064091733637083,6.0
0.362,-0.10439471777291476,6.0
0.363,-0.08924649317154332,6.0
0.364,-0.07522025307573421,6.0
0.365,-0.06233821542622642,6.0
0.366,-0.050620774627144205,6.0
0.367,-0.040086472234657555,6.0
0.368,-0.030751970309898624,6.0
0.369,-0.02263202747403692,6.0
0.37,-0.01573947769958306,6.0
0.371,-0.010085211868103516,6.0
0.372,-0.005678162120580921,6.0
0.373,-0.002525289022686117,6.0
0.374,-0.000631571563226907,6.0
0.375,0.0,6.0
0.376,-0.000631571563226796,6.0
0.377,-0.002525289022686006,6.0
0.378,-0.005678162120580699,6.0
0.379,-0.010085211868103294,6.0
0.38,-0.01573947769958295,6.0
0.381,-0.022632027474036698,6.0
0.382,-0.030751970309898402,6.0
0.383,-0.04008647223465722,6.0
0.384,-0.05062077462714376,6.0
0.385,-0.062338215426226085,6.0
0.386,-0.07522025307573377,6.0
0.387,-0.08924649317154276,6.0
0.388,-0.10439471777291431,6.0
0.389,-0.12064091733637028,6.0
0.39,-0.13795932522667353,6.0
0.391,-0.15632245475581907,6.0
0.392,-0.17570113869731718,6.0
0.393,-0.19606457121955356,6.0
0.394,-0.21738035217856966,6.0
0.395,-0.23961453370721997,6.0
0.396,-0.26273166903442446,6.0
0.397,-0.2866948634650609,6.0
0.398,-0.31146582744793183,6.0
0.399,-0.33700493165630874,6.0
0.4,-0.36327126400268006,6.0
0.401,-0.39022268850655684,6.0
0.402,-0.4178159059315688,6.0
0.403,-0.44600651610558206,6.0
0.404,-0.47474908183512465,6.0
0.405,-0.5039971943231787,6.0
0.406,-0.5337035399972567,6.0
0.40700000000000003,-0.5638199686526202,6.0
0.40800000000000003,-0.5942975628137084,6.0
0.40900000000000003,-0.625086708215021,6.0
0.41000000000000003,-0.6561371653011656,6.0
0.41100000000000003,-0.6873981416443166,6.0
0.41200000000000003,-0.7188183651759891,6.0
0.41300000000000003,-0.7503461581289071,6.0
0.41400000000000003,-0.7819295115837385,6.0
0.41500000000000004,-0.8135161605145516,6.0
0.41600000000000004,-0.8450536592261888,6.0
0.417,-0.8764894570761866,6.0
0.418,-0.9077709743734199,6.0
0.419,-0.9388456783454346,6.0
0.42,-0.9696611590663184,6.0
0.421,-1.0001652052370238,6.0
0.422,-1.0303058797102191,6.0
0.423,-1.060031594652151,6.0
0.424,-1.0892911862345076,6.0
0.425,-1.1180339887498927,6.0
0.426,-1.1462099080453925,6.0
0.427,-1.1737694941696364,6.0
0.428,-1.200664013129901,6.0
0.429,-1.2268455176570552,6.0
0.43,-1.252266916877505,6.0
0.431,-1.2768820447929528,6.0
0.432,-1.3006457274703722,6.0
0.433,-1.3235138488464502,6.0
0.434,-1.3454434150527776,6.0
0.435,-1.3663926171701006,6.0
0.436,-1.3863208923221586,6.0
0.437,-1.4051889830220885,6.0
0.438,-1.422958994686756,6.0
0.439,-1.4395944512369878,6.0
0.44,-1.4550603487044769,6.0
0.441,-1.4693232067688595,6.0
0.442,-1.482351118151436,6.0
0.443,-1.4941137957950972,6.0
0.444,-1.5045826177630963,6.0
0.445,-1.5137306697925534,6.0
0.446,-1.5215327854419631,6.0
0.447,-1.52796558377533,6.0
0.448,-1.5330075045290639,6.0
0.449,-1.5366388407113925,6.0
0.45,-1.5388417685876268,6.0
0.451,-1.5396003750083538,6.0
0.452,-1.53890068204143,6.0
0.453,-1.5367306688724347,6.0
0.454,-1.533080290942137,6.0
0.455,-1.527941496293474,6.0
0.456,-1.5213082391044677,6.0
0.457,-1.5131764903875244,6.0
0.458,-1.5035442458395771,6.0
0.459,-1.4924115308315917,6.0
0.46,-1.479780402529987,6.0
0.461,-1.4656549491466329,6.0
0.462,-1.450041286318139,6.0
0.463,-1.4329475506192373,6.0
0.464,-1.4143838902191264,6.0
0.465,-1.3943624526937035,6.0
0.466,-1.37289737001066,6.0
0.467,-1.3500047407084077,6.0
0.468,-1.3257026092938147,6.0
0.46900000000000003,-1.300010942887671,6.0
0.47000000000000003,-1.2729516051506964,6.0
0.47100000000000003,-1.244548327526795,6.0
0.47200000000000003,-1.2148266778440417,6.0
0.47300000000000003,-1.1838140263176768,6.0
0.47400000000000003,-1.1515395090030216,6.0
0.47500000000000003,-1.1180339887498945,6.0
0.47600000000000003,-1.0833300137136526,6.0
0.47700000000000004,-1.047461773481424,6.0
0.47800000000000004,-1.0104650528754984,6.0
0.47900000000000004,-0.9723771834991805,6.0
0.48,-0.933236993093544,6.0
0.481,-0.8930847527766833,6.0
0.482,-0.8519621222400829,6.0
0.483,-0.8099120929795738,6.0
0.484,-0.7669789296411655,6.0
0.485,-0.7232081095647223,6.0
0.486,-0.6786462606110367,6.0
0.487,-0.6333410973602188,6.0
0.488,-0.5873413557716916,6.0
0.489,-0.540696726398301,6.0
0.49,-0.4934577862489846,6.0
0.491,-0.4456759293964695,6.0
0.492,-0.39740329642824973,6.0
0.493,-0.34869270284064224,6.0
0.494,-0.2995975664773147,6.0
0.495,-0.2501718341150376,6.0
0.496,-0.20046990730052927,6.0
0.497,-0.15054656754341758,6.0
0.498,-0.10045690097127026,6.0
0.499,-0.05025622255328944,6.0
0.5,-9.797174393178826e-16,6.0
0.501,0.05025622255328748,6.0
0.502,0.10045690097126829,6.0
0.503,0.15054656754341564,6.0
0.504,0.20046990730052733,6.0
0.505,0.25017183411503563,6.0
0.506,0.29959756647731284,6.0
0.507,0.3486927028406403,6.0
0.508,0.39740329642824784,6.0
0.509,0.4456759293964676,6.0
0.51,0.49345778624898273,6.0
0.511,0.5406967263982992,6.0
0.512,0.5873413557716897,6.0
0.513,0.633341097360217,6.0
0.514,0.678646260611035,6.0
0.515,0.7232081095647205,6.0
0.516,0.7669789296411639,6.0
0.517,0.809912092979572,6.0
0.518,0.8519621222400813,6.0
0.519,0.8930847527766818,6.0
0.52,0.9332369930935425,6.0
0.521,0.9723771834991822,6.0
0.522,1.0104650528755,6.0
0.523,1.0474617734814236,6.0
0.524,1.0833300137136535,6.0
0.525,1.1180339887498951,6.0
0.526,1.1515395090030212,6.0
0.527,1.1838140263176784,6.0
0.528,1.2148266778440433,6.0
0.529,1.2445483275267948,6.0
0.53,1.2729516051506977,6.0
0.531,1.3000109428876723,6.0
0.532,1.3257026092938144,6.0
0.533,1.3500047407084066,6.0
0.534,1.3728973700106604,6.0
0.535,1.3943624526937035,6.0
0.536,1.4143838902191264,6.0
0.537,1.432947550619238,6.0
0.538,1.450041286318139,6.0
0.539,1.465654949146633,6.0
0.54,1.4797804025299874,6.0
0.541,1.492411530831592,6.0
0.542,1.503544245839577,6.0
0.543,1.5131764903875238,6.0
0.544,1.521308239104468,6.0
0.545,1.5279414962934745,6.0
0.546,1.533080290942137,6.0
0.547,1.5367306688724354,6.0
0.548,1.5389006820414308,6.0
0.549,1.5396003750083533,6.0
0.55,1.5388417685876274,6.0
0.551,1.5366388407113933,6.0
0.552,1.5330075045290628,6.0
0.553,1.5279655837753303,6.0
0.554,1.521532785441964,6.0
0.555,1.5137306697925528,6.0
0.556,1.5045826177630972,6.0
0.557,1.4941137957950983,6.0
0.558,1.4823511181514348,6.0
0.559,1.4693232067688606,6.0
0.56,1.4550603487044782,6.0
0.561,1.4395944512369858,6.0
0.562,1.4229589946867542,6.0
0.5630000000000001,1.40518898302209,6.0
0.5640000000000001,1.3863208923221575,6.0
0.5650000000000001,1.3663926171700993,6.0
0.5660000000000001,1.3454434150527792,6.0
0.5670000000000001,1.3235138488464484,6.0
0.5680000000000001,1.3006457274703709,6.0
0.5690000000000001,1.2768820447929543,6.0
0.5700000000000001,1.2522669168775027,6.0
0.5710000000000001,1.226845517657053,6.0
0.5720000000000001,1.2006640131299025,6.0
0.5730000000000001,1.1737694941696348,6.0
0.5740000000000001,1.146209908045391,6.0
0.5750000000000001,1.1180339887498945,6.0
0.5760000000000001,1.0892911862345076,6.0
0.577,1.0600315946521552,6.0
0.578,1.0303058797102216,6.0
0.579,1.0001652052370262,6.0
0.58,0.9696611590663227,6.0
0.581,0.9388456783454373,6.0
0.582,0.9077709743734229,6.0
0.583,0.8764894570761914,6.0
0.584,0.84505365922619,6.0
0.585,0.813516160514551,6.0
0.586,0.7819295115837415,6.0
0.587,0.7503461581289084,6.0
0.588,0.7188183651759885,6.0
0.589,0.6873981416443196,6.0
0.59,0.6561371653011667,6.0
0.591,0.6250867082150204,6.0
0.592,0.5942975628137112,6.0
0.593,0.5638199686526213,6.0
0.594,0.5337035399972563,6.0
0.595,0.5039971943231816,6.0
0.596,0.4747490818351259,6.0
0.597,0.4460065161055831,6.0
0.598,0.41781590593157136,6.0
0.599,0.39022268850655784,6.0
0.6,0.36327126400268106,6.0
0.601,0.3370049316563112,6.0
0.602,0.31146582744793283,6.0
0.603,0.2866948634650618,6.0
0.604,0.2627316690344267,6.0
0.605,0.23961453370722074,6.0
0.606,0.21738035217857044,6.0
0.607,0.19606457121955556,6.0
0.608,0.17570113869731796,6.0
0.609,0.15632245475581985,6.0
0.61,0.1379593252266752,6.0
0.611,0.12064091733637095,6.0
0.612,0.10439471777291498,6.0
0.613,0.0892464931715442,6.0
0.614,0.07522025307573432,6.0
0.615,0.06233821542622653,6.0
0.616,0.05062077462714487,6.0
0.617,0.040086472234657666,6.0
0.618,0.030751970309898735,6.0
0.619,0.022632027474037475,6.0
0.62,0.01573947769958317,6.0
0.621,0.010085211868103516,6.0
0.622,0.005678162120581143,6.0
0.623,0.002525289022686117,6.0
0.624,0.000631571563226907,6.0
0.625,0.0,6.0
0.626,0.000631571563226796,6.0
0.627,0.002525289022686006,6.0
0.628,0.005678162120580921,6.0
0.629,0.010085211868103294,6.0
0.63,0.015739477699582838,6.0
0.631,0.02263202747403703,6.0
0.632,0.03075197030989829,6.0
0.633,0.04008647223465722,6.0
0.634,0.050620774627144316,6.0
0.635,0.062338215426225974,6.0
0.636,0.07522025307573355,6.0
0.637,0.08924649317154365,6.0
0.638,0.1043947177729142,6.0
0.639,0.12064091733637017,6.0
0.64,0.1379593252266742,6.0
0.641,0.15632245475581885,6.0
0.642,0.17570113869731685,6.0
0.643,0.19606457121955456,6.0
0.644,0.21738035217856966,6.0
0.645,0.23961453370721963,6.0
0.646,0.2627316690344259,6.0
0.647,0.2866948634650607,6.0
0.648,0.31146582744793183,6.0
0.649,0.3370049316563096,6.0
0.65,0.36327126400267973,6.0
0.651,0.39022268850655617,6.0
0.652,0.41781590593157003,6.0
0.653,0.44600651610558206,6.0
0.654,0.47474908183512443,6.0
0.655,0.5039971943231805,6.0
0.656,0.5337035399972547,6.0
0.657,0.5638199686526202,6.0
0.658,0.5942975628137093,6.0
0.659,0.6250867082150189,6.0
0.66,0.656137165301165,6.0
0.661,0.687398141644318,6.0
0.662,0.7188183651759866,6.0
0.663,0.7503461581289069,6.0
0.664,0.7819295115837405,6.0
0.665,0.8135161605145493,6.0
0.666,0.8450536592261889,6.0
0.667,0.8764894570761894,6.0
0.668,0.9077709743734214,6.0
0.669,0.9388456783454352,6.0
0.67,0.9696611590663211,6.0
0.671,1.0001652052370242,6.0
0.672,1.0303058797102203,6.0
0.673,1.0600315946521541,6.0
0.674,1.0892911862345085,6.0
0.675,1.1180339887498958,6.0
0.676,1.1462099080453951,6.0
0.677,1.1737694941696362,6.0
0.678,1.2006640131299033,6.0
0.679,1.2268455176570574,6.0
0.68,1.2522669168775036,6.0
0.681,1.2768820447929548,6.0
0.682,1.3006457274703749,6.0
0.683,1.3235138488464493,6.0
0.684,1.34544341505278,6.0
0.685,1.3663926171701024,6.0
0.686,1.3863208923221584,6.0
0.687,1.4051889830220903,6.0
0.6880000000000001,1.4229589946867576,6.0
0.6890000000000001,1.4395944512369863,6.0
0.6900000000000001,1.4550603487044782,6.0
0.6910000000000001,1.4693232067688613,6.0
0.6920000000000001,1.4823511181514353,6.0
0.6930000000000001,1.494113795795099,6.0
0.6940000000000001,1.5045826177630972,6.0
0.6950000000000001,1.5137306697925532,6.0
0.6960000000000001,1.521532785441964,6.0
0.6970000000000001,1.5279655837753308,6.0
0.6980000000000001,1.5330075045290625,6.0
0.6990000000000001,1.536638840711393,6.0
0.7000000000000001,1.5388417685876277,6.0
0.7010000000000001,1.539600375008353,6.0
0.7020000000000001,1.5389006820414308,6.0
0.7030000000000001,1.5367306688724347,6.0
0.704,1.533080290942138,6.0
0.705,1.5279414962934748,6.0
0.706,1.5213082391044694,6.0
0.707,1.5131764903875242,6.0
0.708,1.503544245839578,6.0
0.709,1.4924115308315917,6.0
0.71,1.4797804025299879,6.0
0.711,1.465654949146633,6.0
0.712,1.45004128631814,6.0
0.713,1.4329475506192395,6.0
0.714,1.4143838902191272,6.0
0.715,1.3943624526937053,6.0
0.716,1.3728973700106613,6.0
0.717,1.3500047407084086,6.0
0.718,1.325702609293815,6.0
0.719,1.3000109428876736,6.0
0.72,1.2729516051506982,6.0
0.721,1.2445483275267963,6.0
0.722,1.214826677844044,6.0
0.723,1.18381402631768,6.0
0.724,1.1515395090030236,6.0
0.725,1.118033988749897,6.0
0.726,1.083330013713656,6.0
0.727,1.0474617734814244,6.0
0.728,1.010465052875502,6.0
0.729,0.9723771834991833,6.0
0.73,0.9332369930935445,6.0
0.731,0.893084752776683,6.0
0.732,0.8519621222400834,6.0
0.733,0.8099120929795751,6.0
0.734,0.766978929641166,6.0
0.735,0.7232081095647236,6.0
0.736,0.6786462606110372,6.0
0.737,0.6333410973602193,6.0
0.738,0.5873413557716911,6.0
0.739,0.5406967263983016,6.0
0.74,0.4934577862489842,6.0
0.741,0.44567592939647005,6.0
0.742,0.39740329642825106,6.0
0.743,0.3486927028406427,6.0
0.744,0.2995975664773161,6.0
0.745,0.25017183411503807,6.0
0.746,0.20046990730052974,6.0
0.747,0.15054656754341716,6.0
0.748,0.10045690097127075,6.0
0.749,0.050256222553289036,6.0
0.75,1.4695761589768238e-15,6.0
0.751,-0.0502562225532861,6.0
0.752,-0.1004569009712678,6.0
0.753,-0.15054656754341425,6.0
0.754,-0.20046990730052683,6.0
0.755,-0.25017183411503513,6.0
0.756,-0.2995975664773132,6.0
0.757,-0.3486927028406398,6.0
0.758,-0.3974032964282483,6.0
0.759,-0.44567592939646716,6.0
0.76,-0.4934577862489814,6.0
0.761,-0.5406967263982988,6.0
0.762,-0.5873413557716883,6.0
0.763,-0.6333410973602166,6.0
0.764,-0.6786462606110345,6.0
0.765,-0.7232081095647209,6.0
0.766,-0.7669789296411634,6.0
0.767,-0.8099120929795726,6.0
0.768,-0.8519621222400808,6.0
0.769,-0.8930847527766805,6.0
0.77,-0.933236993093542,6.0
0.771,-0.972377183499181,6.0
0.772,-1.0104650528754997,6.0
0.773,-1.0474617734814222,6.0
0.774,-1.083330013713654,6.0
0.775,-1.118033988749895,6.0
0.776,-1.1515395090030218,6.0
0.777,-1.1838140263176782,6.0
0.778,-1.2148266778440422,6.0
0.779,-1.2445483275267946,6.0
0.78,-1.2729516051506966,6.0
0.781,-1.3000109428876718,6.0
0.782,-1.3257026092938133,6.0
0.783,-1.3500047407084073,6.0
0.784,-1.37289737001066,6.0
0.785,-1.394362452693704,6.0
0.786,-1.4143838902191261,6.0
0.787,-1.4329475506192386,6.0
0.788,-1.450041286318139,6.0
0.789,-1.4656549491466322,6.0
0.79,-1.4797804025299872,6.0
0.791,-1.492411530831591,6.0
0.792,-1.5035442458395774,6.0
0.793,-1.5131764903875236,6.0
0.794,-1.521308239104469,6.0
0.795,-1.5279414962934745,6.0
0.796,-1.533080290942138,6.0
0.797,-1.5367306688724351,6.0
0.798,-1.53890068204143,6.0
0.799,-1.5396003750083536,6.0
0.8,-1.5388417685876268,6.0
0.801,-1.5366388407113933,6.0
0.802,-1.533007504529063,6.0
0.803,-1.5279655837753312,6.0
0.804,-1.5215327854419642,6.0
0.805,-1.5137306697925534,6.0
0.806,-1.5045826177630972,6.0
0.807,-1.4941137957950978,6.0
0.808,-1.482351118151435,6.0
0.809,-1.46932320676886,6.0
0.81,-1.4550603487044782,6.0
0.811,-1.439594451236986,6.0
0.812,-1.422958994686755,6.0
0.8130000000000001,-1.4051889830220903,6.0
0.8140000000000001,-1.3863208923221582,6.0
0.8150000000000001,-1.3663926171700993,6.0
0.8160000000000001,-1.3454434150527788,6.0
0.8170000000000001,-1.3235138488464488,6.0
0.8180000000000001,-1.3006457274703704,6.0
0.8190000000000001,-1.2768820447929543,6.0
0.8200000000000001,-1.252266916877503,6.0
0.8210000000000001,-1.2268455176570536,6.0
0.8220000000000001,-1.2006640131299027,6.0
0.8230000000000001,-1.1737694941696355,6.0
0.8240000000000001,-1.1462099080453911,6.0
0.8250000000000001,-1.118033988749894,6.0
0.8260000000000001,-1.0892911862345078,6.0
0.8270000000000001,-1.0600315946521492,6.0
0.8280000000000001,-1.0303058797102196,6.0
0.8290000000000001,-1.0001652052370236,6.0
0.8300000000000001,-0.9696611590663169,6.0
0.8310000000000001,-0.9388456783454344,6.0
0.8320000000000001,-0.9077709743734206,6.0
0.833,-0.8764894570761912,6.0
0.834,-0.8450536592261908,6.0
0.835,-0.8135161605145512,6.0
0.836,-0.7819295115837421,6.0
0.837,-0.7503461581289088,6.0
0.838,-0.7188183651759884,6.0
0.839,-0.6873981416443199,6.0
0.84,-0.6561371653011667,6.0
0.841,-0.6250867082150207,6.0
0.842,-0.5942975628137113,6.0
0.843,-0.563819968652622,6.0
0.844,-0.5337035399972565,6.0
0.845,-0.503997194323182,6.0
0.846,-0.4747490818351261,6.0
0.847,-0.4460065161055838,6.0
0.848,-0.4178159059315717,6.0
0.849,-0.39022268850655784,6.0
0.85,-0.36327126400268417,6.0
0.851,-0.3370049316563083,6.0
0.852,-0.3114658274479334,6.0
0.853,-0.2866948634650647,6.0
0.854,-0.2627316690344247,6.0
0.855,-0.23961453370722097,6.0
0.856,-0.2173803521785732,6.0
0.857,-0.19606457121955356,6.0
0.858,-0.17570113869731796,6.0
0.859,-0.15632245475582196,6.0
0.86,-0.1379593252266733,6.0
0.861,-0.12064091733637117,6.0
0.862,-0.10439471777291676,6.0
0.863,-0.08924649317154287,6.0
0.864,-0.07522025307573432,6.0
0.865,-0.06233821542622808,6.0
0.866,-0.05062077462714387,6.0
0.867,-0.040086472234657666,6.0
0.868,-0.030751970309899623,6.0
0.869,-0.022632027474036587,6.0
0.87,-0.015739477699583282,6.0
0.871,-0.010085211868104071,6.0
0.872,-0.005678162120580699,6.0
0.873,-0.002525289022686117,6.0
0.874,-0.000631571563227018,6.0
0.875,0.0,6.0
0.876,-0.000631571563226796,6.0
0.877,-0.002525289022685673,6.0
0.878,-0.005678162120580921,6.0
0.879,-0.010085211868103183,6.0
0.88,-0.01573947769958206,6.0
0.881,-0.02263202747403692,6.0
0.882,-0.03075197030989818,6.0
0.883,-0.04008647223465589,6.0
0.884,-0.050620774627144205,6.0
0.885,-0.062338215426225974,6.0
0.886,-0.07522025307573199,6.0
0.887,-0.08924649317154343,6.0
0.888,-0.10439471777291398,6.0
0.889,-0.12064091733636828,6.0
0.89,-0.13795932522667398,6.0
0.891,-0.15632245475581863,6.0
0.892,-0.17570113869731452,6.0
0.893,-0.19606457121955434,6.0
0.894,-0.21738035217856944,6.0
0.895,-0.23961453370721708,6.0
0.896,-0.2627316690344256,6.0
0.897,-0.28669486346506035,6.0
0.898,-0.31146582744792894,6.0
0.899,-0.3370049316563093,6.0
0.9,-0.3632712640026795,6.0
0.901,-0.39022268850655306,6.0
0.902,-0.4178159059315697,6.0
0.903,-0.44600651610558173,6.0
0.904,-0.474749081835121,6.0
0.905,-0.50399719432318,6.0
0.906,-0.5337035399972544,6.0
0.907,-0.5638199686526166,6.0
0.908,-0.594297562813709,6.0
0.909,-0.6250867082150187,6.0
0.91,-0.6561371653011611,6.0
0.911,-0.6873981416443177,6.0
0.912,-0.7188183651759863,6.0
0.913,-0.750346158128903,6.0
0.914,-0.7819295115837401,6.0
0.915,-0.8135161605145491,6.0
0.916,-0.8450536592261851,6.0
0.917,-0.8764894570761891,6.0
0.918,-0.907770974373421,6.0
0.919,-0.9388456783454314,6.0
0.92,-0.9696611590663209,6.0
0.921,-1.000165205237024,6.0
0.922,-1.0303058797102165,6.0
0.923,-1.060031594652154,6.0
0.924,-1.0892911862345083,6.0
0.925,-1.1180339887498922,6.0
0.926,-1.146209908045395,6.0
0.927,-1.173769494169636,6.0
0.928,-1.2006640131298998,6.0
0.929,-1.2268455176570572,6.0
0.93,-1.2522669168775034,6.0
0.931,-1.2768820447929516,6.0
0.932,-1.3006457274703749,6.0
0.933,-1.3235138488464488,6.0
0.934,-1.3454434150527772,6.0
0.935,-1.3663926171701022,6.0
0.936,-1.3863208923221584,6.0
0.937,-1.405188983022093,6.0
0.9380000000000001,-1.4229589946867574,6.0
0.9390000000000001,-1.439594451236986,6.0
0.9400000000000001,-1.4550603487044804,6.0
0.9410000000000001,-1.4693232067688613,6.0
0.9420000000000001,-1.4823511181514348,6.0
0.9430000000000001,-1.4941137957951007,6.0
0.9440000000000001,-1.5045826177630972,6.0
0.9450000000000001,-1.5137306697925532,6.0
0.9460000000000001,-1.5215327854419656,6.0
0.9470000000000001,-1.5279655837753308,6.0
0.9480000000000001,-1.5330075045290625,6.0
0.9490000000000001,-1.5366388407113942,6.0
0.9500000000000001,-1.5388417685876277,6.0
0.9510000000000001,-1.539600375008353,6.0
0.9520000000000001,-1.5389006820414317,6.0
0.9530000000000001,-1.5367306688724347,6.0
0.9540000000000001,-1.533080290942137,6.0
0.9550000000000001,-1.527941496293474,6.0
0.9560000000000001,-1.521308239104468,6.0
0.9570000000000001,-1.5131764903875229,6.0
0.9580000000000001,-1.5035442458395767,6.0
0.9590000000000001,-1.4924115308315917,6.0
0.96,-1.4797804025299879,6.0
0.961,-1.465654949146633,6.0
0.962,-1.4500412863181404,6.0
0.963,-1.432947550619239,6.0
0.964,-1.4143838902191275,6.0
0.965,-1.3943624526937064,6.0
0.966,-1.3728973700106604,6.0
0.967,-1.3500047407084088,6.0
0.968,-1.3257026092938164,6.0
0.969,-1.3000109428876723,6.0
0.97,-1.2729516051506986,6.0
0.971,-1.2445483275267981,6.0
0.972,-1.2148266778440426,6.0
0.973,-1.1838140263176802,6.0
0.974,-1.151539509003026,6.0
0.975,-1.1180339887498951,6.0
0.976,-1.0833300137136563,6.0
0.977,-1.047461773481427,6.0
0.978,-1.0104650528755,6.0
0.979,-0.9723771834991837,6.0
0.98,-0.9332369930935475,6.0
0.981,-0.8930847527766806,6.0
0.982,-0.8519621222400837,6.0
0.983,-0.8099120929795782,6.0
0.984,-0.7669789296411635,6.0
0.985,-0.7232081095647239,6.0
0.986,-0.6786462606110407,6.0
0.987,-0.6333410973602166,6.0
0.988,-0.5873413557716916,6.0
0.989,-0.5406967263983052,6.0
0.99,-0.4934577862489813,6.0
0.991,-0.4456759293964705,6.0
0.992,-0.397403296428255,6.0
0.993,-0.34869270284063975,6.0
0.994,-0.2995975664773166,6.0
0.995,-0.250171834115042,6.0
0.996,-0.20046990730052672,6.0
0.997,-0.15054656754341766,6.0
0.998,-0.10045690097127477,6.0
0.999,-0.050256222553285976,6.0
1.0,-1.959434878635765e-15,6.0
1.0010000000000001,0.05025622255329094,6.0
1.002,0.10045690097127087,6.0
1.0030000000000001,0.1505465675434226,6.0
1.004,0.20046990730052283,6.0
1.0050000000000001,0.25017183411503996,6.0
1.006,0.2995975664773128,6.0
1.0070000000000001,0.3486927028406445,6.0
1.008,0.3974032964282512,6.0
1.0090000000000001,0.4456759293964752,6.0
1.01,0.4934577862489776,6.0
1.0110000000000001,0.5406967263983034,6.0
1.012,0.5873413557716879,6.0
1.0130000000000001,0.633341097360221,6.0
1.014,0.6786462606110372,6.0
1.0150000000000001,0.7232081095647265,6.0
1.016,0.7669789296411601,6.0
1.0170000000000001,0.809912092979575,6.0
1.018,0.8519621222400805,6.0
1.0190000000000001,0.8930847527766845,6.0
1.02,0.9332369930935442,6.0
1.0210000000000001,0.9723771834991874,6.0
1.022,1.0104650528754968,6.0
1.0230000000000001,1.047461773481426,6.0
1.024,1.0833300137136535,6.0
1.025,1.1180339887498907,6.0
1.026,1.1515395090030234,6.0
1.027,1.1838140263176724,6.0
1.028,1.21482667784404,6.0
1.029,1.244548327526791,6.0
1.03,1.2729516051506964,6.0
1.031,1.3000109428876687,6.0
1.032,1.3257026092938144,6.0
1.033,1.3500047407084033,6.0
1.034,1.3728973700106588,6.0
1.035,1.3943624526937013,6.0
1.036,1.4143838902191261,6.0
1.037,1.4329475506192362,6.0
1.038,1.4500412863181393,6.0
1.039,1.4656549491466313,6.0
1.04,1.4797804025299868,6.0
1.041,1.4924115308315908,6.0
1.042,1.5035442458395774,6.0
1.043,1.5131764903875222,6.0
1.044,1.5213082391044686,6.0
1.045,1.5279414962934736,6.0
1.046,1.5330802909421384,6.0
1.047,1.5367306688724345,6.0
1.048,1.53890068204143,6.0
1.049,1.539600375008353,6.0
1.05,1.5388417685876257,6.0
1.051,1.5366388407113944,6.0
1.052,1.5330075045290643,6.0
1.053,1.5279655837753312,6.0
1.054,1.5215327854419645,6.0
1.055,1.5137306697925539,6.0
1.056,1.5045826177630957,6.0
1.057,1.4941137957951018,6.0
1.058,1.4823511181514373,6.0
1.059,1.4693232067688624,6.0
1.06,1.4550603487044784,6.0
1.061,1.4395944512369874,6.0
1.062,1.4229589946867551,6.0
1.063,1.4051889830220943,6.0
1.064,1.386320892322161,6.0
1.065,1.3663926171701037,6.0
1.066,1.3454434150527788,6.0
1.067,1.3235138488464506,6.0
1.068,1.3006457274703704,6.0
1.069,1.2768820447929534,6.0
1.07,1.2522669168775065,6.0
1.071,1.2268455176570592,6.0
1.072,1.200664013129903,6.0
1.073,1.173769494169638,6.0
1.074,1.1462099080453914,6.0
1.075,1.1180339887498945,6.0
1.076,1.0892911862345116,6.0
1.077,1.0600315946521564,6.0
1.078,1.0303058797102198,6.0
1.079,1.0001652052370262,6.0
1.08,0.9696611590663171,6.0
1.081,0.9388456783454338,6.0
1.082,0.9077709743734245,6.0
1.083,0.8764894570761915,6.0
1.084,0.8450536592261876,6.0
1.085,0.8135161605145516,6.0
1.086,0.7819295115837355,6.0
1.087,0.7503461581289055,6.0
1.088,0.7188183651759896,6.0
1.089,0.6873981416443201,6.0
1.09,0.6561371653011643,6.0
1.091,0.6250867082150211,6.0
1.092,0.5942975628137055,6.0
1.093,0.5638199686526189,6.0
1.094,0.5337035399972574,6.0
1.095,0.5039971943231825,6.0
1.096,0.47474908183512393,6.0
1.097,0.44600651610558395,6.0
1.098,0.4178159059315666,6.0
1.099,0.39022268850655517,6.0
1.1,0.36327126400268217,6.0
1.101,0.3370049316563114,6.0
1.102,0.3114658274479314,6.0
1.103,0.28669486346506234,6.0
1.104,0.26273166903442235,6.0
1.105,0.23961453370721875,6.0
1.106,0.2173803521785711,6.0
1.107,0.196064571219556,6.0
1.108,0.1757011386973164,6.0
1.109,0.15632245475582007,6.0
1.11,0.13795932522667198,6.0
1.111,0.1206409173363695,6.0
1.112,0.10439471777291554,6.0
1.113,0.08924649317154454,6.0
1.114,0.07522025307573332,6.0
1.115,0.06233821542622697,6.0
1.116,0.05062077462714287,6.0
1.117,0.04008647223465678,6.0
1.118,0.030751970309899068,6.0
1.119,0.022632027474037475,6.0
1.12,0.015739477699582727,6.0
1.121,0.010085211868103627,6.0
1.122,0.005678162120580366,6.0
1.123,0.002525289022685895,6.0
1.124,0.000631571563226685,6.0
1.125,0.0,6.0
1.1260000000000001,0.000631571563226907,6.0
1.127,0.002525289022685895,6.0
1.1280000000000001,0.005678162120581254,6.0
1.129,0.010085211868103627,6.0
1.1300000000000001,0.01573947769958406,6.0
1.131,0.02263202747403603,6.0
1.1320000000000001,0.030751970309898846,6.0
1.133,0.040086472234657,6.0
1.1340000000000001,0.05062077462714509,6.0
1.135,0.062338215426227195,6.0
1.1360000000000001,0.07522025307573599,6.0
1.137,0.08924649317154176,6.0
1.1380000000000001,0.10439471777291531,6.0
1.139,0.12064091733636984,6.0
1.1400000000000001,0.13795932522667564,6.0
1.141,0.15632245475582052,6.0
1.1420000000000001,0.17570113869732062,6.0
1.143,0.1960645712195519,6.0
1.1440000000000001,0.2173803521785711,6.0
1.145,0.2396145337072192,6.0
1.1460000000000001,0.26273166903442746,6.0
1.147,0.2866948634650628,6.0
1.1480000000000001,0.31146582744793627,6.0
1.149,0.3370049316563063,6.0
1.1500000000000001,0.3632712640026816,6.0
1.151,0.3902226885065557,6.0
1.1520000000000001,0.4178159059315719,6.0
1.153,0.4460065161055846,6.0
1.154,0.47474908183511816,6.0
1.155,0.5039971943231767,6.0
1.156,0.5337035399972516,6.0
1.157,0.5638199686526195,6.0
1.158,0.5942975628137062,6.0
1.159,0.6250867082150218,6.0
1.16,0.6561371653011582,6.0
1.161,0.687398141644314,6.0
1.162,0.7188183651759833,6.0
1.163,0.7503461581289064,6.0
1.164,0.7819295115837362,6.0
1.165,0.8135161605145523,6.0
1.166,0.8450536592261813,6.0
1.167,0.8764894570761853,6.0
1.168,0.9077709743734181,6.0
1.169,0.9388456783454348,6.0
1.17,0.969661159066318,6.0
1.171,1.0001652052370273,6.0
1.172,1.0303058797102138,6.0
1.173,1.0600315946521504,6.0
1.174,1.0892911862345056,6.0
1.175,1.1180339887498953,6.0
1.176,1.1462099080453922,6.0
1.177,1.1737694941696388,6.0
1.178,1.2006640131298973,6.0
1.179,1.2268455176570539,6.0
1.18,1.2522669168775011,6.0
1.181,1.2768820447929545,6.0
1.182,1.3006457274703715,6.0
1.183,1.3235138488464515,6.0
1.184,1.3454434150527743,6.0
1.185,1.3663926171700993,6.0
1.186,1.3863208923221566,6.0
1.187,1.40518898302209,6.0
1.188,1.422958994686756,6.0
1.189,1.4395944512369883,6.0
1.19,1.4550603487044746,6.0
1.191,1.469323206768859,6.0
1.192,1.4823511181514342,6.0
1.193,1.4941137957950987,6.0
1.194,1.5045826177630965,6.0
1.195,1.5137306697925548,6.0
1.196,1.521532785441962,6.0
1.197,1.5279655837753292,6.0
1.198,1.5330075045290625,6.0
1.199,1.536638840711393,6.0
1.2,1.5388417685876266,6.0
1.201,1.539600375008354,6.0
1.202,1.5389006820414293,6.0
1.203,1.536730668872434,6.0
1.204,1.533080290942138,6.0
1.205,1.5279414962934736,6.0
1.206,1.5213082391044694,6.0
1.207,1.513176490387523,6.0
1.208,1.5035442458395782,6.0
1.209,1.4924115308315922,6.0
1.21,1.4797804025299883,6.0
1.211,1.4656549491466329,6.0
1.212,1.4500412863181402,6.0
1.213,1.432947550619237,6.0
1.214,1.4143838902191286,6.0
1.215,1.394362452693704,6.0
1.216,1.3728973700106617,6.0
1.217,1.3500047407084064,6.0
1.218,1.3257026092938153,6.0
1.219,1.3000109428876696,6.0
1.22,1.2729516051507004,6.0
1.221,1.2445483275267952,6.0
1.222,1.2148266778440446,6.0
1.223,1.183814026317677,6.0
1.224,1.1515395090030243,6.0
1.225,1.1180339887498916,6.0
1.226,1.0833300137136588,6.0
1.227,1.0474617734814236,6.0
1.228,1.0104650528755026,6.0
1.229,0.9723771834991816,6.0
1.23,0.9332369930935451,6.0
1.231,0.8930847527766783,6.0
1.232,0.8519621222400869,6.0
1.233,0.8099120929795741,6.0
1.234,0.7669789296411669,6.0
1.235,0.7232081095647196,6.0
1.236,0.678646260611038,6.0
1.237,0.6333410973602122,6.0
1.238,0.5873413557716951,6.0
1.239,0.5406967263983007,6.0
1.24,0.4934577862489851,6.0
1.241,0.44567592939646583,6.0
1.242,0.397403296428252,6.0
1.243,0.348692702840635,6.0
1.244,0.2995975664773205,6.0
1.245,0.25017183411503724,6.0
1.246,0.20046990730053071,6.0
1.247,0.1505465675434146,6.0
1.248,0.10045690097127172,6.0
1.249,0.05025622255328292,6.0
1.25,6.002007277095207e-15,6.0
1.2510000000000001,-0.0502562225532869,6.0
1.252,-0.10045690097126683,6.0
1.2530000000000001,-0.15054656754341858,6.0
1.254,-0.20046990730052588,6.0
1.2550000000000001,-0.25017183411504296,6.0
1.256,-0.2995975664773157,6.0
1.2570000000000001,-0.34869270284064063,6.0
1.258,-0.39740329642824734,6.0
1.2590000000000001,-0.4456759293964714,6.0
1.26,-0.4934577862489805,6.0
1.2610000000000001,-0.5406967263983061,6.0
1.262,-0.5873413557716907,6.0
1.2630000000000001,-0.6333410973602175,6.0
1.264,-0.6786462606110336,6.0
1.2650000000000001,-0.723208109564723,6.0
1.266,-0.7669789296411627,6.0
1.2670000000000001,-0.8099120929795774,6.0
1.268,-0.8519621222400828,6.0
1.2690000000000001,-0.8930847527766814,6.0
1.27,-0.9332369930935412,6.0
1.2710000000000001,-0.9723771834991846,6.0
1.272,-1.010465052875499,6.0
1.2730000000000001,-1.047461773481428,6.0
1.274,-1.0833300137136537,6.0
1.2750000000000001,-1.1180339887498958,6.0
1.276,-1.1515395090030212,6.0
1.2770000000000001,-1.1838140263176793,6.0
1.278,-1.2148266778440417,6.0
1.2790000000000001,-1.244548327526799,6.0
1.28,-1.2729516051506993,6.0
1.281,-1.3000109428876687,6.0
1.282,-1.325702609293813,6.0
1.283,-1.3500047407084041,6.0
1.284,-1.3728973700106613,6.0
1.285,-1.3943624526937004,6.0
1.286,-1.4143838902191266,6.0
1.287,-1.4329475506192355,6.0
1.288,-1.4500412863181371,6.0
1.289,-1.46565494914663,6.0
1.29,-1.479780402529987,6.0
1.291,-1.4924115308315908,6.0
1.292,-1.5035442458395756,6.0
1.293,-1.5131764903875222,6.0
1.294,-1.5213082391044688,6.0
1.295,-1.5279414962934748,6.0
1.296,-1.5330802909421362,6.0
1.297,-1.5367306688724338,6.0
1.298,-1.5389006820414306,6.0
1.299,-1.5396003750083556,6.0
1.3,-1.5388417685876268,6.0
1.301,-1.5366388407113933,6.0
1.302,-1.5330075045290643,6.0
1.303,-1.5279655837753285,6.0
1.304,-1.5215327854419627,6.0
1.305,-1.5137306697925557,6.0
1.306,-1.5045826177630963,6.0
1.307,-1.4941137957950985,6.0
1.308,-1.4823511181514353,6.0
1.309,-1.4693232067688604,6.0
1.31,-1.4550603487044749,6.0
1.311,-1.4395944512369898,6.0
1.312,-1.4229589946867578,6.0
1.313,-1.405188983022093,6.0
1.314,-1.3863208923221573,6.0
1.315,-1.3663926171701013,6.0
1.316,-1.3454434150527774,6.0
1.317,-1.323513848846455,6.0
1.318,-1.300645727470374,6.0
1.319,-1.2768820447929567,6.0
1.32,-1.2522669168775047,6.0
1.321,-1.2268455176570552,6.0
1.322,-1.2006640131299,6.0
1.323,-1.1737694941696417,6.0
1.324,-1.146209908045396,6.0
1.325,-1.118033988749897,6.0
1.326,-1.0892911862345085,6.0
1.327,-1.0600315946521532,6.0
1.328,-1.0303058797102156,6.0
1.329,-1.0001652052370302,6.0
1.33,-0.969661159066321,6.0
1.331,-0.9388456783454386,6.0
1.332,-0.9077709743734202,6.0
1.333,-0.8764894570761883,6.0
1.334,-0.8450536592261851,6.0
1.335,-0.8135161605145563,6.0
1.336,-0.7819295115837392,6.0
1.337,-0.7503461581289094,6.0
1.338,-0.7188183651759872,6.0
1.339,-0.6873981416443162,6.0
1.34,-0.6561371653011612,6.0
1.341,-0.6250867082150247,6.0
1.342,-0.5942975628137099,6.0
1.343,-0.563819968652622,6.0
1.344,-0.5337035399972545,6.0
1.345,-0.5039971943231796,6.0
1.346,-0.47474908183512043,6.0
1.347,-0.4460065161055867,6.0
1.348,-0.4178159059315698,6.0
1.349,-0.39022268850655895,6.0
1.35,-0.36327126400267906,6.0
1.351,-0.33700493165630874,6.0
1.352,-0.31146582744792894,6.0
1.353,-0.2866948634650657,6.0
1.354,-0.26273166903442513,6.0
1.355,-0.2396145337072214,6.0
1.356,-0.21738035217856944,6.0
1.357,-0.19606457121955356,6.0
1.358,-0.1757011386973144,6.0
1.359,-0.1563224547558224,6.0
1.36,-0.1379593252266743,6.0
1.361,-0.12064091733637117,6.0
1.362,-0.10439471777291398,6.0
1.363,-0.0892464931715431,6.0
1.364,-0.07522025307573177,6.0
1.365,-0.062338215426228194,6.0
1.366,-0.050620774627144205,6.0
1.367,-0.040086472234658,6.0
1.368,-0.030751970309897958,6.0
1.369,-0.02263202747403681,6.0
1.37,-0.01573947769958217,6.0
1.371,-0.010085211868104293,6.0
1.372,-0.00567816212058081,6.0
1.373,-0.002525289022686228,6.0
1.374,-0.000631571563226796,6.0
1.375,0.0,6.0
1.3760000000000001,-0.000631571563227018,6.0
1.377,-0.002525289022685673,6.0
1.3780000000000001,-0.00567816212058081,6.0
1.379,-0.010085211868103183,6.0
1.3800000000000001,-0.015739477699583282,6.0
1.381,-0.02263202747403681,6.0
1.3820000000000001,-0.030751970309899845,6.0
1.383,-0.04008647223465589,6.0
1.3840000000000001,-0.05062077462714376,6.0
1.385,-0.06233821542622553,6.0
1.3860000000000001,-0.07522025307573466,6.0
1.387,-0.0892464931715431,6.0
1.3880000000000001,-0.10439471777291676,6.0
1.389,-0.1206409173363675,6.0
1.3900000000000001,-0.13795932522667365,6.0
1.391,-0.1563224547558183,6.0
1.3920000000000001,-0.17570113869731796,6.0
1.393,-0.19606457121955356,6.0
1.3940000000000001,-0.21738035217857332,6.0
1.395,-0.23961453370721653,6.0
1.3960000000000001,-0.26273166903442413,6.0
1.397,-0.28669486346506035,6.0
1.3980000000000001,-0.3114658274479333,6.0
1.399,-0.33700493165630885,6.0
1.4000000000000001,-0.3632712640026847,6.0
1.401,-0.3902226885065532,6.0
1.4020000000000001,-0.4178159059315687,6.0
1.403,-0.44600651610558056,6.0
1.4040000000000001,-0.47474908183512676,6.0
1.405,-0.5039971943231796,6.0
1.4060000000000001,-0.5337035399972597,6.0
1.407,-0.5638199686526153,6.0
1.408,-0.5942975628137033,6.0
1.409,-0.6250867082150181,6.0
1.41,-0.6561371653011613,6.0
1.411,-0.6873981416443163,6.0
1.412,-0.7188183651759873,6.0
1.413,-0.7503461581289024,6.0
1.414,-0.7819295115837324,6.0
1.415,-0.8135161605145493,6.0
1.416,-0.8450536592261854,6.0
1.417,-0.8764894570761884,6.0
1.418,-0.9077709743734205,6.0
1.419,-0.9388456783454316,6.0
1.42,-0.9696611590663141,6.0
1.421,-1.0001652052370233,6.0
1.422,-1.0303058797102158,6.0
1.423,-1.0600315946521535,6.0
1.424,-1.0892911862345087,6.0
1.425,-1.1180339887498905,6.0
1.426,-1.1462099080453898,6.0
1.427,-1.1737694941696355,6.0
1.428,-1.2006640131299005,6.0
1.429,-1.2268455176570556,6.0
1.43,-1.2522669168775051,6.0
1.431,-1.2768820447929512,6.0
1.432,-1.3006457274703684,6.0
1.433,-1.3235138488464497,6.0
1.434,-1.3454434150527779,6.0
1.435,-1.366392617170102,6.0
1.436,-1.386320892322158,6.0
1.437,-1.4051889830220938,6.0
1.438,-1.4229589946867534,6.0
1.439,-1.4395944512369856,6.0
1.44,-1.4550603487044755,6.0
1.441,-1.469323206768861,6.0
1.442,-1.4823511181514362,6.0
1.443,-1.4941137957950992,6.0
1.444,-1.5045826177630932,6.0
1.445,-1.5137306697925532,6.0
1.446,-1.5215327854419636,6.0
1.447,-1.5279655837753294,6.0
1.448,-1.5330075045290652,6.0
1.449,-1.5366388407113942,6.0
1.45,-1.5388417685876257,6.0
1.451,-1.5396003750083544,6.0
1.452,-1.5389006820414317,6.0
1.453,-1.5367306688724347,6.0
1.454,-1.5330802909421373,6.0
1.455,-1.5279414962934759,6.0
1.456,-1.5213082391044692,6.0
1.457,-1.513176490387523,6.0
1.458,-1.503544245839577,6.0
1.459,-1.4924115308315922,6.0
1.46,-1.479780402529988,6.0
1.461,-1.465654949146631,6.0
1.462,-1.4500412863181393,6.0
1.463,-1.432947550619238,6.0
1.464,-1.414383890219128,6.0
1.465,-1.3943624526937017,6.0
1.466,-1.3728973700106626,6.0
1.467,-1.3500047407084055,6.0
1.468,-1.325702609293817,6.0
1.469,-1.300010942887673,6.0
1.47,-1.2729516051507008,6.0
1.471,-1.244548327526794,6.0
1.472,-1.214826677844043,6.0
1.473,-1.183814026317677,6.0
1.474,-1.1515395090030267,6.0
1.475,-1.118033988749894,6.0
1.476,-1.0833300137136552,6.0
1.477,-1.047461773481423,6.0
1.478,-1.0104650528755006,6.0
1.479,-0.9723771834991777,6.0
1.48,-0.9332369930935464,6.0
1.481,-0.8930847527766814,6.0
1.482,-0.8519621222400845,6.0
1.483,-0.80991209297957,6.0
1.484,-0.766978929641166,6.0
1.485,-0.723208109564717,6.0
1.486,-0.6786462606110415,6.0
1.487,-0.6333410973602175,6.0
1.488,-0.5873413557716941,6.0
1.489,-0.5406967263982979,6.0
1.49,-0.4934577862489823,6.0
1.491,-0.4456759293964647,6.0
1.492,-0.39740329642825595,6.0
1.493,-0.3486927028406389,6.0
1.494,-0.2995975664773158,6.0
1.495,-0.25017183411503596,6.0
1.496,-0.2004699073005277,6.0
1.497,-0.1505465675434098,6.0
1.498,-0.10045690097127398,6.0
1.499,-0.050256222553286954,6.0
1.5,-2.9391523179536475e-15,6.0
1.5010000000000001,0.050256222553291735,6.0
1.502,0.10045690097126811,6.0
1.5030000000000001,0.15054656754342163,6.0
1.504,0.20046990730052186,6.0
1.5050000000000001,0.25017183411504074,6.0
1.506,0.29959756647731,6.0
1.5070000000000001,0.34869270284064363,6.0
1.508,0.39740329642825023,6.0
1.5090000000000001,0.4456759293964725,6.0
1.51,0.49345778624897674,6.0
1.5110000000000001,0.5406967263983025,6.0
1.512,0.5873413557716888,6.0
1.5130000000000001,0.6333410973602185,6.0
1.514,0.6786462606110363,6.0
1.5150000000000001,0.7232081095647274,6.0
1.516,0.7669789296411609,6.0
1.5170000000000001,0.8099120929795741,6.0
1.518,0.8519621222400796,6.0
1.5190000000000001,0.8930847527766854,6.0
1.52,0.9332369930935418,6.0
1.5210000000000001,0.9723771834991866,6.0
1.522,1.0104650528754962,6.0
1.5230000000000001,1.0474617734814269,6.0
1.524,1.083330013713651,6.0
1.5250000000000001,1.1180339887498976,6.0
1.526,1.1515395090030227,6.0
1.5270000000000001,1.1838140263176808,6.0
1.528,1.2148266778440395,6.0
1.5290000000000001,1.244548327526797,6.0
1.53,1.2729516051506975,6.0
1.5310000000000001,1.3000109428876727,6.0
1.532,1.325702609293814,6.0
1.5330000000000001,1.3500047407084104,6.0
1.534,1.37289737001066,6.0
1.5350000000000001,1.3943624526937044,6.0
1.536,1.4143838902191257,6.0
1.537,1.432947550619236,6.0
1.538,1.4500412863181373,6.0
1.539,1.4656549491466293,6.0
1.54,1.4797804025299865,6.0
1.541,1.4924115308315906,6.0
1.542,1.5035442458395756,6.0
1.543,1.5131764903875222,6.0
1.544,1.5213082391044686,6.0
1.545,1.5279414962934752,6.0
1.546,1.5330802909421366,6.0
1.547,1.5367306688724345,6.0
1.548,1.5389006820414313,6.0
1.549,1.5396003750083544,6.0
1.55,1.5388417685876257,6.0
1.551,1.5366388407113944,6.0
1.552,1.5330075045290656,6.0
1.553,1.5279655837753299,6.0
1.554,1.5215327854419645,6.0
1.555,1.513730669792554,6.0
1.556,1.5045826177630945,6.0
1.557,1.4941137957951005,6.0
1.558,1.4823511181514375,6.0
1.559,1.4693232067688626,6.0
1.56,1.4550603487044773,6.0
1.561,1.4395944512369878,6.0
1.562,1.4229589946867554,6.0
1.563,1.4051889830220958,6.0
1.564,1.3863208923221602,6.0
1.565,1.3663926171701042,6.0
1.566,1.3454434150527805,6.0
1.567,1.3235138488464524,6.0
1.568,1.300645727470371,6.0
1.569,1.2768820447929539,6.0
1.57,1.252266916877508,6.0
1.571,1.2268455176570585,6.0
1.572,1.2006640131299036,6.0
1.573,1.1737694941696386,6.0
1.574,1.146209908045393,6.0
1.575,1.1180339887498938,6.0
1.576,1.089291186234512,6.0
1.577,1.0600315946521568,6.0
1.578,1.0303058797102194,6.0
1.579,1.000165205237027,6.0
1.58,0.9696611590663178,6.0
1.581,0.9388456783454353,6.0
1.582,0.907770974373424,6.0
1.583,0.8764894570761922,6.0
1.584,0.8450536592261891,6.0
1.585,0.813516160514553,6.0
1.586,0.7819295115837361,6.0
1.587,0.7503461581289061,6.0
1.588,0.718818365175991,6.0
1.589,0.68739814164432,6.0
1.59,0.6561371653011648,6.0
1.591,0.6250867082150217,6.0
1.592,0.5942975628137067,6.0
1.593,0.5638199686526189,6.0
1.594,0.5337035399972581,6.0
1.595,0.5039971943231829,6.0
1.596,0.47474908183512377,6.0
1.597,0.44600651610558395,6.0
1.598,0.41781590593156703,6.0
1.599,0.3902226885065563,6.0
1.6,0.36327126400268206,6.0
1.601,0.33700493165631185,6.0
1.602,0.31146582744793194,6.0
1.603,0.28669486346506334,6.0
1.604,0.2627316690344228,6.0
1.605,0.2396145337072192,6.0
1.606,0.21738035217857188,6.0
1.607,0.196064571219556,6.0
1.608,0.17570113869731685,6.0
1.609,0.15632245475582052,6.0
1.61,0.13795932522667254,6.0
1.611,0.1206409173363695,6.0
1.612,0.10439471777291587,6.0
1.613,0.08924649317154487,6.0
1.614,0.07522025307573343,6.0
1.615,0.06233821542622697,6.0
1.616,0.050620774627143095,6.0
1.617,0.04008647223465711,6.0
1.618,0.030751970309899068,6.0
1.619,0.022632027474037586,6.0
1.62,0.01573947769958295,6.0
1.621,0.01008521186810385,6.0
1.622,0.005678162120580477,6.0
1.623,0.002525289022686006,6.0
1.624,0.000631571563226685,6.0
1.625,0.0,6.0
1.6260000000000001,0.000631571563226907,6.0
1.627,0.002525289022686006,6.0
1.6280000000000001,0.005678162120581143,6.0
1.629,0.010085211868103627,6.0
1.6300000000000001,0.015739477699583948,6.0
1.631,0.02263202747403592,6.0
1.6320000000000001,0.030751970309898846,6.0
1.633,0.04008647223465689,6.0
1.6340000000000001,0.05062077462714487,6.0
1.635,0.06233821542622664,6.0
1.6360000000000001,0.07522025307573599,6.0
1.637,0.08924649317154143,6.0
1.6380000000000001,0.10439471777291498,6.0
1.639,0.12064091733636917,6.0
1.6400000000000001,0.13795932522667542,6.0
1.641,0.15632245475582018,6.0
1.6420000000000001,0.17570113869731985,6.0
1.643,0.19606457121955112,6.0
1.6440000000000001,0.21738035217857066,6.0
1.645,0.23961453370721875,6.0
1.6460000000000001,0.2627316690344266,6.0
1.647,0.2866948634650628,6.0
1.6480000000000001,0.31146582744793583,6.0
1.649,0.33700493165630574,6.0
1.6500000000000001,0.3632712640026816,6.0
1.651,0.39022268850655584,6.0
1.6520000000000001,0.41781590593157136,6.0
1.653,0.44600651610558345,6.0
1.6540000000000001,0.47474908183512965,6.0
1.655,0.503997194323176,6.0
1.6560000000000001,0.5337035399972561,6.0
1.657,0.5638199686526184,6.0
1.6580000000000001,0.5942975628137115,6.0
1.659,0.6250867082150211,6.0
1.6600000000000001,0.6561371653011698,6.0
1.661,0.6873981416443126,6.0
1.6620000000000001,0.7188183651759888,6.0
1.663,0.7503461581289057,6.0
1.6640000000000001,0.781929511583741,6.0
1.665,0.8135161605145526,6.0
1.666,0.8450536592261816,6.0
1.667,0.8764894570761846,6.0
1.668,0.9077709743734166,6.0
1.669,0.938845678345435,6.0
1.67,0.9696611590663173,6.0
1.671,1.0001652052370267,6.0
1.672,1.030305879710212,6.0
1.673,1.0600315946521497,6.0
1.674,1.089291186234505,6.0
1.675,1.1180339887498936,6.0
1.676,1.146209908045393,6.0
1.677,1.1737694941696384,6.0
1.678,1.200664013129897,6.0
1.679,1.2268455176570523,6.0
1.68,1.2522669168775018,6.0
1.681,1.2768820447929539,6.0
1.682,1.300645727470371,6.0
1.683,1.3235138488464524,6.0
1.684,1.345443415052775,6.0
1.685,1.3663926171700989,6.0
1.686,1.386320892322155,6.0
1.687,1.405188983022091,6.0
1.688,1.4229589946867556,6.0
1.689,1.4395944512369878,6.0
1.69,1.4550603487044733,6.0
1.691,1.4693232067688589,6.0
1.692,1.482351118151434,6.0
1.693,1.4941137957950972,6.0
1.694,1.504582617763095,6.0
1.695,1.5137306697925546,6.0
1.696,1.5215327854419618,6.0
1.697,1.5279655837753277,6.0
1.698,1.5330075045290639,6.0
1.699,1.536638840711393,6.0
1.7,1.5388417685876243,6.0
1.701,1.5396003750083533,6.0
1.702,1.5389006820414322,6.0
1.703,1.5367306688724356,6.0
1.704,1.5330802909421366,6.0
1.705,1.5279414962934754,6.0
1.706,1.521308239104469,6.0
1.707,1.513176490387523,6.0
1.708,1.503544245839577,6.0
1.709,1.4924115308315922,6.0
1.71,1.4797804025299885,6.0
1.711,1.4656549491466317,6.0
1.712,1.45004128631814,6.0
1.713,1.4329475506192388,6.0
1.714,1.4143838902191272,6.0
1.715,1.394362452693701,6.0
1.716,1.3728973700106637,6.0
1.717,1.3500047407084068,6.0
1.718,1.3257026092938184,6.0
1.719,1.3000109428876745,6.0
1.72,1.2729516051506995,6.0
1.721,1.2445483275267923,6.0
1.722,1.214826677844045,6.0
1.723,1.1838140263176793,6.0
1.724,1.151539509003029,6.0
1.725,1.1180339887498967,6.0
1.726,1.0833300137136535,6.0
1.727,1.047461773481421,6.0
1.728,1.0104650528755035,6.0
1.729,0.9723771834991806,6.0
1.73,0.9332369930935493,6.0
1.731,0.8930847527766845,6.0
1.732,0.8519621222400822,6.0
1.733,0.8099120929795676,6.0
1.734,0.7669789296411693,6.0
1.735,0.7232081095647205,6.0
1.736,0.678646260611045,6.0
1.737,0.633341097360221,6.0
1.738,0.5873413557716914,6.0
1.739,0.5406967263982951,6.0
1.74,0.49345778624898606,6.0
1.741,0.4456759293964685,6.0
1.742,0.3974032964282598,6.0
1.743,0.3486927028406428,6.0
1.744,0.29959756647731284,6.0
1.745,0.250171834115033,6.0
1.746,0.2004699073005317,6.0
1.747,0.15054656754341383,6.0
1.748,0.100456900971278,6.0
1.749,0.050256222553291,6.0
1.75,-1.2370264118791205e-16,6.0
1.7510000000000001,-0.050256222553294795,6.0
1.752,-0.10045690097126407,6.0
1.7530000000000001,-0.1505465675434176,6.0
1.754,-0.20046990730051786,6.0
1.7550000000000001,-0.25017183411503674,6.0
1.756,-0.299597566477313,6.0
1.7570000000000001,-0.3486927028406466,6.0
1.758,-0.39740329642824634,6.0
1.7590000000000001,-0.4456759293964686,6.0
1.76,-0.49345778624897296,6.0
1.7610000000000001,-0.5406967263982987,6.0
1.762,-0.5873413557716916,6.0
1.7630000000000001,-0.6333410973602212,6.0
1.764,-0.6786462606110328,6.0
1.7650000000000001,-0.723208109564724,6.0
1.766,-0.7669789296411575,6.0
1.7670000000000001,-0.8099120929795709,6.0
1.768,-0.851962122240082,6.0
1.7690000000000001,-0.8930847527766878,6.0
1.77,-0.9332369930935389,6.0
1.7710000000000001,-0.9723771834991837,6.0
1.772,-1.0104650528754935,6.0
1.7730000000000001,-1.0474617734814242,6.0
1.774,-1.083330013713653,6.0
1.7750000000000001,-1.1180339887498993,6.0
1.776,-1.1515395090030205,6.0
1.7770000000000001,-1.1838140263176786,6.0
1.778,-1.2148266778440375,6.0
1.7790000000000001,-1.244548327526795,6.0
1.78,-1.2729516051506988,6.0
1.7810000000000001,-1.3000109428876736,6.0
1.782,-1.3257026092938125,6.0
1.7830000000000001,-1.350004740708409,6.0
1.784,-1.3728973700106588,6.0
1.7850000000000001,-1.3943624526937033,6.0
1.786,-1.4143838902191261,6.0
1.7870000000000001,-1.4329475506192408,6.0
1.788,-1.450041286318137,6.0
1.7890000000000001,-1.4656549491466335,6.0
1.79,-1.479780402529986,6.0
1.7910000000000001,-1.4924115308315937,6.0
1.792,-1.5035442458395756,6.0
1.793,-1.5131764903875222,6.0
1.794,-1.5213082391044686,6.0
1.795,-1.5279414962934754,6.0
1.796,-1.5330802909421373,6.0
1.797,-1.5367306688724338,6.0
1.798,-1.5389006820414304,6.0
1.799,-1.5396003750083556,6.0
1.8,-1.538841768587627,6.0
1.801,-1.5366388407113958,6.0
1.802,-1.533007504529067,6.0
1.803,-1.5279655837753285,6.0
1.804,-1.521532785441963,6.0
1.805,-1.5137306697925559,6.0
1.806,-1.5045826177630963,6.0
1.807,-1.4941137957951025,6.0
1.808,-1.4823511181514397,6.0
1.809,-1.4693232067688606,6.0
1.81,-1.455060348704475,6.0
1.811,-1.43959445123699,6.0
1.812,-1.422958994686758,6.0
1.813,-1.4051889830220987,6.0
1.814,-1.3863208923221628,6.0
1.815,-1.3663926171701017,6.0
1.816,-1.3454434150527779,6.0
1.817,-1.3235138488464555,6.0
1.818,-1.3006457274703744,6.0
1.819,-1.2768820447929512,6.0
1.82,-1.2522669168775113,6.0
1.821,-1.2268455176570556,6.0
1.822,-1.2006640131299005,6.0
1.823,-1.1737694941696422,6.0
1.824,-1.1462099080453965,6.0
1.825,-1.118033988749891,6.0
1.826,-1.0892911862345158,6.0
1.827,-1.0600315946521537,6.0
1.828,-1.030305879710216,6.0
1.829,-1.0001652052370307,6.0
1.83,-0.9696611590663216,6.0
1.831,-0.9388456783454321,6.0
1.832,-0.907770974373428,6.0
1.833,-0.8764894570761889,6.0
1.834,-0.8450536592261858,6.0
1.835,-0.8135161605145569,6.0
1.836,-0.7819295115837399,6.0
1.837,-0.750346158128903,6.0
1.838,-0.7188183651759948,6.0
1.839,-0.6873981416443169,6.0
1.84,-0.6561371653011618,6.0
1.841,-0.6250867082150253,6.0
1.842,-0.5942975628137104,6.0
1.843,-0.5638199686526159,6.0
1.844,-0.5337035399972616,6.0
1.845,-0.50399719432318,6.0
1.846,-0.47474908183512093,6.0
1.847,-0.44600651610558734,6.0
1.848,-0.41781590593157036,6.0
1.849,-0.3902226885065536,6.0
1.85,-0.3632712640026853,6.0
1.851,-0.3370049316563094,6.0
1.852,-0.3114658274479294,6.0
1.853,-0.2866948634650661,6.0
1.854,-0.2627316690344256,6.0
1.855,-0.23961453370721708,6.0
1.856,-0.21738035217857454,6.0
1.857,-0.1960645712195539,6.0
1.858,-0.17570113869731485,6.0
1.859,-0.15632245475582274,6.0
1.86,-0.13795932522667465,6.0
1.861,-0.12064091733636795,6.0
1.862,-0.10439471777291776,6.0
1.863,-0.08924649317154343,6.0
1.864,-0.0752202530757321,6.0
1.865,-0.062338215426228305,6.0
1.866,-0.05062077462714443,6.0
1.867,-0.04008647223465611,6.0
1.868,-0.030751970309900067,6.0
1.869,-0.02263202747403692,6.0
1.87,-0.015739477699582283,6.0
1.871,-0.010085211868104293,6.0
1.872,-0.005678162120580921,6.0
1.873,-0.002525289022685673,6.0
1.874,-0.0006315715632265739,6.0
1.875,0.0,6.0
1.8760000000000001,-0.000631571563227018,6.0
1.877,-0.002525289022685673,6.0
1.8780000000000001,-0.005678162120580699,6.0
1.879,-0.010085211868104182,6.0
1.8800000000000001,-0.015739477699584503,6.0
1.881,-0.022632027474036587,6.0
1.8820000000000001,-0.030751970309899623,6.0
1.883,-0.04008647223465578,6.0
1.8840000000000001,-0.05062077462714354,6.0
1.885,-0.06233821542622786,6.0
1.8860000000000001,-0.07522025307573721,6.0
1.887,-0.08924649317154287,6.0
1.8880000000000001,-0.10439471777291642,6.0
1.889,-0.12064091733636728,6.0
1.8900000000000001,-0.1379593252266733,6.0
1.891,-0.15632245475582196,6.0
1.8920000000000001,-0.17570113869732173,6.0
1.893,-0.19606457121955312,6.0
1.8940000000000001,-0.21738035217857277,6.0
1.895,-0.2396145337072162,6.0
1.8960000000000001,-0.2627316690344238,6.0
1.897,-0.28669486346506523,6.0
1.8980000000000001,-0.31146582744793827,6.0
1.899,-0.3370049316563083,6.0
1.9000000000000001,-0.3632712640026843,6.0
1.901,-0.3902226885065525,6.0
1.9020000000000001,-0.41781590593156803,6.0
1.903,-0.4460065161055862,6.0
1.9040000000000001,-0.4747490818351325,6.0
1.905,-0.5039971943231789,6.0
1.9060000000000001,-0.5337035399972592,6.0
1.907,-0.5638199686526146,6.0
1.9080000000000001,-0.5942975628137079,6.0
1.909,-0.6250867082150242,6.0
1.9100000000000001,-0.6561371653011729,6.0
1.911,-0.6873981416443157,6.0
1.9120000000000001,-0.7188183651759921,6.0
1.913,-0.7503461581289018,6.0
1.9140000000000001,-0.7819295115837371,6.0
1.915,-0.8135161605145559,6.0
1.9160000000000001,-0.8450536592261971,6.0
1.917,-0.8764894570761879,6.0
1.9180000000000001,-0.9077709743734269,6.0
1.919,-0.9388456783454312,6.0
1.92,-0.9696611590663206,6.0
1.921,-1.0001652052370298,6.0
1.922,-1.0303058797102154,6.0
1.923,-1.0600315946521528,6.0
1.924,-1.0892911862345014,6.0
1.925,-1.11803398874989,6.0
1.926,-1.1462099080453958,6.0
1.927,-1.1737694941696413,6.0
1.928,-1.2006640131298998,6.0
1.929,-1.2268455176570552,6.0
1.93,-1.2522669168774985,6.0
1.931,-1.2768820447929508,6.0
1.932,-1.300645727470374,6.0
1.933,-1.323513848846455,6.0
1.934,-1.3454434150527776,6.0
1.935,-1.3663926171701015,6.0
1.936,-1.3863208923221522,6.0
1.937,-1.405188983022088,6.0
1.938,-1.4229589946867578,6.0
1.939,-1.43959445123699,6.0
1.94,-1.4550603487044753,6.0
1.941,-1.4693232067688609,6.0
1.942,-1.4823511181514317,6.0
1.943,-1.4941137957950952,6.0
1.944,-1.5045826177630968,6.0
1.945,-1.5137306697925563,6.0
1.946,-1.5215327854419636,6.0
1.947,-1.5279655837753292,6.0
1.948,-1.5330075045290625,6.0
1.949,-1.5366388407113916,6.0
1.95,-1.5388417685876277,6.0
1.951,-1.5396003750083564,6.0
1.952,-1.5389006820414315,6.0
1.953,-1.5367306688724347,6.0
1.954,-1.5330802909421362,6.0
1.955,-1.527941496293475,6.0
1.956,-1.5213082391044699,6.0
1.957,-1.5131764903875236,6.0
1.958,-1.503544245839577,6.0
1.959,-1.4924115308315922,6.0
1.96,-1.4797804025299888,6.0
1.961,-1.4656549491466322,6.0
1.962,-1.4500412863181387,6.0
1.963,-1.432947550619237,6.0
1.964,-1.4143838902191284,6.0
1.965,-1.3943624526937022,6.0
1.966,-1.372897370010665,6.0
1.967,-1.3500047407084081,6.0
1.968,-1.325702609293815,6.0
1.969,-1.3000109428876707,6.0
1.97,-1.2729516051507013,6.0
1.971,-1.2445483275267943,6.0
1.972,-1.2148266778440473,6.0
1.973,-1.1838140263176815,6.0
1.974,-1.1515395090030234,6.0
1.975,-1.1180339887498905,6.0
1.976,-1.083330013713656,6.0
1.977,-1.0474617734814238,6.0
1.978,-1.0104650528755061,6.0
1.979,-0.9723771834991835,6.0
1.98,-0.933236993093542,6.0
1.981,-0.8930847527766769,6.0
1.982,-0.8519621222400854,6.0
1.983,-0.8099120929795707,6.0
1.984,-0.7669789296411726,6.0
1.985,-0.723208109564724,6.0
1.986,-0.6786462606110363,6.0
1.987,-0.633341097360212,6.0
1.988,-0.5873413557716951,6.0
1.989,-0.5406967263982988,6.0
1.99,-0.49345778624898984,6.0
1.991,-0.4456759293964723,6.0
1.992,-0.39740329642825006,6.0
1.993,-0.34869270284063303,6.0
1.994,-0.2995975664773167,6.0
1.995,-0.25017183411503696,6.0
1.996,-0.20046990730053568,6.0
1.997,-0.15054656754341786,6.0
1.998,-0.10045690097126786,6.0
1.999,-0.05025622255328084,6.0
2.0,-3.91886975727153e-15,6.0
2.001,0.050256222553273,6.0
2.0020000000000002,0.10045690097127777,6.0
2.003,0.1505465675434136,6.0
2.004,0.20046990730052794,6.0
2.005,0.25017183411502925,6.0
2.0060000000000002,0.29959756647732644,6.0
2.007,0.34869270284064263,6.0
2.008,0.3974032964282425,6.0
2.009,0.44567592939646483,6.0
2.0100000000000002,0.49345778624898595,6.0
2.011,0.540696726398308,6.0
2.012,0.5873413557716878,6.0
2.013,0.6333410973602049,6.0
2.0140000000000002,0.678646260611045,6.0
2.015,0.7232081095647205,6.0
2.016,0.766978929641166,6.0
2.017,0.8099120929795641,6.0
2.0180000000000002,0.8519621222400934,6.0
2.019,0.8930847527766846,6.0
2.02,0.9332369930935358,6.0
2.021,0.9723771834991775,6.0
2.0220000000000002,1.0104650528755037,6.0
2.023,1.0474617734814309,6.0
2.024,1.0833300137136506,6.0
2.025,1.1180339887498851,6.0
2.0260000000000002,1.1515395090030294,6.0
2.027,1.1838140263176764,6.0
2.028,1.2148266778440424,6.0
2.029,1.2445483275267897,6.0
2.0300000000000002,1.2729516051507028,6.0
2.031,1.300010942887672,6.0
2.032,1.325702609293811,6.0
2.033,1.3500047407084046,6.0
2.0340000000000003,1.3728973700106615,6.0
2.035,1.3943624526937057,6.0
2.036,1.4143838902191253,6.0
2.037,1.4329475506192342,6.0
2.0380000000000003,1.450041286318141,6.0
2.039,1.465654949146633,6.0
2.04,1.4797804025299868,6.0
2.041,1.4924115308315904,6.0
2.0420000000000003,1.5035442458395782,6.0
2.043,1.5131764903875244,6.0
2.044,1.521308239104469,6.0
2.045,1.527941496293474,6.0
2.0460000000000003,1.5330802909421384,6.0
2.047,1.5367306688724343,6.0
2.048,1.5389006820414313,6.0
2.049,1.5396003750083564,6.0
2.05,1.5388417685876252,6.0
2.051,1.5366388407113951,6.0
2.052,1.533007504529063,6.0
2.053,1.5279655837753299,6.0
2.054,1.521532785441968,6.0
2.055,1.5137306697925537,6.0
2.056,1.504582617763098,6.0
2.057,1.494113795795097,6.0
2.058,1.4823511181514393,6.0
2.059,1.4693232067688569,6.0
2.06,1.4550603487044778,6.0
2.061,1.4395944512369927,6.0
2.062,1.4229589946867582,6.0
2.063,1.4051889830220912,6.0
2.064,1.3863208923221553,6.0
2.065,1.3663926171701046,6.0
2.066,1.3454434150527899,6.0
2.067,1.323513848846447,6.0
2.068,1.3006457274703775,6.0
2.069,1.2768820447929543,6.0
2.07,1.2522669168775125,6.0
2.071,1.2268455176570487,6.0
2.072,1.200664013129904,6.0
2.073,1.1737694941696457,6.0
2.074,1.1462099080453982,6.0
2.075,1.1180339887498965,6.0
2.076,1.0892911862345058,6.0
2.077,1.0600315946521575,6.0
2.078,1.0303058797102338,6.0
2.079,1.0001652052370225,6.0
2.08,0.9696611590663253,6.0
2.081,0.938845678345436,6.0
2.082,0.9077709743734318,6.0
2.083,0.8764894570761804,6.0
2.084,0.8450536592261897,6.0
2.085,0.8135161605145607,6.0
2.086,0.7819295115837421,6.0
2.087,0.7503461581289084,6.0
2.088,0.7188183651759845,6.0
2.089,0.6873981416443206,6.0
2.09,0.6561371653011778,6.0
2.091,0.6250867082150169,6.0
2.092,0.594297562813714,6.0
2.093,0.5638199686526194,6.0
2.094,0.5337035399972638,6.0
2.095,0.503997194323172,6.0
2.096,0.47474908183512443,6.0
2.097,0.44600651610559067,6.0
2.098,0.41781590593157236,6.0
2.099,0.39022268850655684,6.0
2.1,0.36327126400267695,6.0
2.101,0.3370049316563123,6.0
2.102,0.31146582744794216,6.0
2.103,0.28669486346505846,6.0
2.104,0.26273166903442835,6.0
2.105,0.23961453370721963,6.0
2.106,0.2173803521785762,6.0
2.107,0.19606457121954823,6.0
2.108,0.17570113869731707,6.0
2.109,0.15632245475582485,6.0
2.11,0.1379593252266761,6.0
2.111,0.1206409173363705,6.0
2.112,0.10439471777291287,6.0
2.113,0.0892464931715452,6.0
2.114,0.07522025307573943,6.0
2.115,0.062338215426224974,6.0
2.116,0.05062077462714576,6.0
2.117,0.04008647223465733,6.0
2.118,0.030751970309901067,6.0
2.119,0.02263202747403481,6.0
2.12,0.01573947769958306,6.0
2.121,0.01008521186810496,6.0
2.122,0.005678162120581254,6.0
2.123,0.002525289022686117,6.0
2.124,0.000631571563226685,6.0
2.125,0.0,6.0
2.126,0.0006315715632263519,6.0
2.1270000000000002,0.002525289022686339,6.0
2.128,0.005678162120580255,6.0
2.129,0.010085211868103516,6.0
2.13,0.015739477699581284,6.0
2.1310000000000002,0.022632027474038696,6.0
2.132,0.030751970309898735,6.0
2.133,0.04008647223465467,6.0
2.134,0.05062077462714265,6.0
2.1350000000000002,0.062338215426226085,6.0
2.136,0.07522025307573565,6.0
2.137,0.08924649317154121,6.0
2.138,0.10439471777291531,6.0
2.1390000000000002,0.1206409173363725,6.0
2.14,0.1379593252266712,6.0
2.141,0.15632245475581974,6.0
2.142,0.17570113869731174,6.0
2.1430000000000002,0.19606457121955956,6.0
2.144,0.2173803521785702,6.0
2.145,0.23961453370721342,6.0
2.146,0.2627316690344219,6.0
2.1470000000000002,0.28669486346506134,6.0
2.148,0.3114658274479353,6.0
2.149,0.3370049316563053,6.0
2.15,0.36327126400268106,6.0
2.1510000000000002,0.39022268850656006,6.0
2.152,0.4178159059315648,6.0
2.153,0.4460065161055829,6.0
2.154,0.4747490818351164,6.0
2.1550000000000002,0.5039971943231869,6.0
2.156,0.5337035399972556,6.0
2.157,0.5638199686526111,6.0
2.158,0.5942975628137057,6.0
2.1590000000000003,0.6250867082150191,6.0
2.16,0.6561371653011692,6.0
2.161,0.687398141644312,6.0
2.162,0.7188183651759898,6.0
2.1630000000000003,0.7503461581289105,6.0
2.164,0.7819295115837334,6.0
2.165,0.8135161605145519,6.0
2.166,0.8450536592261809,6.0
2.1670000000000003,0.8764894570761964,6.0
2.168,0.9077709743734231,6.0
2.169,0.9388456783454273,6.0
2.17,0.9696611590663168,6.0
2.1710000000000003,1.000165205237024,6.0
2.172,1.0303058797102254,6.0
2.173,1.060031594652149,6.0
2.174,1.0892911862345112,6.0
2.1750000000000003,1.1180339887498998,6.0
2.176,1.1462099080453902,6.0
2.177,1.1737694941696377,6.0
2.178,1.2006640131298965,6.0
2.179,1.2268455176570539,6.0
2.18,1.2522669168775051,6.0
2.181,1.2768820447929472,6.0
2.182,1.3006457274703707,6.0
2.183,1.3235138488464404,6.0
2.184,1.3454434150527834,6.0
2.185,1.3663926171700984,6.0
2.186,1.38632089232216,6.0
2.187,1.4051889830220854,6.0
2.188,1.422958994686753,6.0
2.189,1.4395944512369878,6.0
2.19,1.4550603487044729,6.0
2.191,1.4693232067688613,6.0
2.192,1.482351118151435,6.0
2.193,1.4941137957951007,6.0
2.194,1.5045826177630948,6.0
2.195,1.5137306697925503,6.0
2.196,1.5215327854419654,6.0
2.197,1.5279655837753277,6.0
2.198,1.5330075045290665,6.0
2.199,1.5366388407113933,6.0
2.2,1.5388417685876237,6.0
2.201,1.5396003750083553,6.0
2.202,1.5389006820414308,6.0
2.203,1.536730668872437,6.0
2.204,1.533080290942135,6.0
2.205,1.5279414962934765,6.0
2.206,1.5213082391044699,6.0
2.207,1.5131764903875258,6.0
2.208,1.5035442458395774,6.0
2.209,1.4924115308315926,6.0
2.21,1.4797804025299883,6.0
2.211,1.4656549491466357,6.0
2.212,1.4500412863181393,6.0
2.213,1.432947550619238,6.0
2.214,1.4143838902191292,6.0
2.215,1.3943624526937064,6.0
2.216,1.372897370010659,6.0
2.217,1.350004740708405,6.0
2.218,1.3257026092938164,6.0
2.219,1.3000109428876778,6.0
2.22,1.2729516051506937,6.0
2.221,1.2445483275267963,6.0
2.222,1.2148266778440422,6.0
2.223,1.1838140263176835,6.0
2.224,1.1515395090030223,6.0
2.225,1.1180339887498931,6.0
2.226,1.0833300137136583,6.0
2.227,1.04746177348143,6.0
2.228,1.010465052875496,6.0
2.229,0.9723771834991763,6.0
2.23,0.9332369930935449,6.0
2.231,0.8930847527766941,6.0
2.232,0.851962122240074,6.0
2.233,0.809912092979574,6.0
2.234,0.7669789296411644,6.0
2.235,0.7232081095647308,6.0
2.236,0.6786462606110363,6.0
2.237,0.6333410973602157,6.0
2.238,0.5873413557716987,6.0
2.239,0.540696726398306,6.0
2.24,0.49345778624897685,6.0
2.241,0.4456759293964627,6.0
2.242,0.3974032964282539,6.0
2.243,0.3486927028406542,6.0
2.244,0.29959756647730684,6.0
2.245,0.25017183411504096,6.0
2.246,0.20046990730052566,6.0
2.247,0.1505465675434254,6.0
2.248,0.10045690097125773,6.0
2.249,0.05025622255328487,6.0
2.25,7.961442155730973e-15,6.0
2.251,-0.05025622255328316,6.0
2.2520000000000002,-0.10045690097127374,6.0
2.253,-0.15054656754342371,6.0
2.254,-0.20046990730052391,6.0
2.255,-0.2501718341150253,6.0
2.2560000000000002,-0.2995975664773225,6.0
2.257,-0.34869270284063875,6.0
2.258,-0.39740329642825223,6.0
2.259,-0.445675929396461,6.0
2.2600000000000002,-0.4934577862489954,6.0
2.261,-0.5406967263983042,6.0
2.262,-0.5873413557716842,6.0
2.263,-0.6333410973602139,6.0
2.2640000000000002,-0.6786462606110415,6.0
2.265,-0.7232081095647291,6.0
2.266,-0.7669789296411627,6.0
2.267,-0.8099120929795608,6.0
2.2680000000000002,-0.8519621222400902,6.0
2.269,-0.8930847527766816,6.0
2.27,-0.9332369930935432,6.0
2.271,-0.9723771834991746,6.0
2.2720000000000002,-1.0104650528755106,6.0
2.273,-1.0474617734814282,6.0
2.274,-1.083330013713648,6.0
2.275,-1.1180339887498913,6.0
2.2760000000000002,-1.1515395090030272,6.0
2.277,-1.1838140263176817,6.0
2.278,-1.2148266778440404,6.0
2.279,-1.244548327526788,6.0
2.2800000000000002,-1.272951605150701,6.0
2.281,-1.3000109428876705,6.0
2.282,-1.3257026092938144,6.0
2.283,-1.3500047407084033,6.0
2.2840000000000003,-1.3728973700106644,6.0
2.285,-1.3943624526937046,6.0
2.286,-1.4143838902191244,6.0
2.287,-1.432947550619236,6.0
2.2880000000000003,-1.4500412863181407,6.0
2.289,-1.465654949146634,6.0
2.29,-1.4797804025299863,6.0
2.291,-1.4924115308315902,6.0
2.2920000000000003,-1.5035442458395782,6.0
2.293,-1.5131764903875247,6.0
2.294,-1.5213082391044679,6.0
2.295,-1.5279414962934745,6.0
2.2960000000000003,-1.5330802909421366,6.0
2.297,-1.5367306688724351,6.0
2.298,-1.5389006820414322,6.0
2.299,-1.5396003750083533,6.0
2.3000000000000003,-1.5388417685876274,6.0
2.301,-1.5366388407113913,6.0
2.302,-1.5330075045290643,6.0
2.303,-1.5279655837753316,6.0
2.3040000000000003,-1.5215327854419627,6.0
2.305,-1.5137306697925554,6.0
2.306,-1.5045826177630928,6.0
2.307,-1.4941137957950987,6.0
2.308,-1.4823511181514415,6.0
2.309,-1.469323206768859,6.0
2.31,-1.45506034870448,6.0
2.311,-1.4395944512369856,6.0
2.312,-1.422958994686761,6.0
2.313,-1.4051889830220836,6.0
2.314,-1.386320892322158,6.0
2.315,-1.3663926171701075,6.0
2.316,-1.3454434150527816,6.0
2.317,-1.3235138488464502,6.0
2.318,-1.3006457274703687,6.0
2.319,-1.2768820447929576,6.0
2.32,-1.2522669168775158,6.0
2.321,-1.226845517657052,6.0
2.322,-1.2006640131299076,6.0
2.323,-1.173769494169636,6.0
2.324,-1.1462099080454018,6.0
2.325,-1.1180339887498867,6.0
2.326,-1.0892911862345094,6.0
2.327,-1.0600315946521612,6.0
2.328,-1.0303058797102238,6.0
2.329,-1.0001652052370262,6.0
2.33,-0.9696611590663151,6.0
2.331,-0.9388456783454399,6.0
2.332,-0.9077709743734357,6.0
2.333,-0.8764894570761842,6.0
2.334,-0.8450536592261936,6.0
2.335,-0.8135161605145504,6.0
2.336,-0.7819295115837459,6.0
2.337,-0.7503461581288982,6.0
2.338,-0.7188183651759885,6.0
2.339,-0.6873981416443244,6.0
2.34,-0.6561371653011677,6.0
2.341,-0.6250867082150207,6.0
2.342,-0.5942975628137043,6.0
2.343,-0.5638199686526231,6.0
2.344,-0.5337035399972674,6.0
2.345,-0.5039971943231756,6.0
2.346,-0.4747490818351278,6.0
2.347,-0.44600651610558173,6.0
2.348,-0.4178159059315757,6.0
2.349,-0.3902226885065482,6.0
2.35,-0.36327126400267995,6.0
2.351,-0.3370049316563154,6.0
2.352,-0.3114658274479344,6.0
2.353,-0.28669486346506134,6.0
2.354,-0.2627316690344209,6.0
2.355,-0.2396145337072223,6.0
2.356,-0.21738035217857876,6.0
2.357,-0.19606457121955068,6.0
2.358,-0.17570113869731951,6.0
2.359,-0.15632245475581907,6.0
2.36,-0.1379593252266781,6.0
2.361,-0.12064091733636528,6.0
2.362,-0.10439471777291454,6.0
2.363,-0.08924649317154687,6.0
2.364,-0.07522025307573521,6.0
2.365,-0.06233821542622642,6.0
2.366,-0.05062077462714232,6.0
2.367,-0.04008647223465844,6.0
2.368,-0.030751970309902066,6.0
2.369,-0.0226320274740357,6.0
2.37,-0.015739477699583726,6.0
2.371,-0.010085211868103405,6.0
2.372,-0.005678162120581698,6.0
2.373,-0.0025252890226853397,6.0
2.374,-0.000631571563226796,6.0
2.375,0.0,6.0
2.376,-0.000631571563226685,6.0
2.3770000000000002,-0.002525289022686006,6.0
2.378,-0.005678162120581365,6.0
2.379,-0.010085211868102961,6.0
2.38,-0.015739477699580617,6.0
2.3810000000000002,-0.022632027474037808,6.0
2.382,-0.030751970309897736,6.0
2.383,-0.040086472234657666,6.0
2.384,-0.05062077462714143,6.0
2.3850000000000002,-0.06233821542622986,6.0
2.386,-0.0752202530757341,6.0
2.387,-0.08924649317153954,6.0
2.388,-0.10439471777291343,6.0
2.3890000000000002,-0.1206409173363705,6.0
2.39,-0.13795932522667675,6.0
2.391,-0.15632245475581752,6.0
2.392,-0.17570113869730952,6.0
2.3930000000000002,-0.19606457121955723,6.0
2.394,-0.21738035217856777,6.0
2.395,-0.23961453370722052,6.0
2.396,-0.26273166903441914,6.0
2.3970000000000002,-0.286694863465069,6.0
2.398,-0.3114658274479323,6.0
2.399,-0.3370049316563022,6.0
2.4,-0.36327126400267795,6.0
2.4010000000000002,-0.39022268850655684,6.0
2.402,-0.4178159059315736,6.0
2.403,-0.4460065161055795,6.0
2.404,-0.47474908183511305,6.0
2.4050000000000002,-0.5039971943231836,6.0
2.406,-0.5337035399972521,6.0
2.407,-0.5638199686526207,6.0
2.408,-0.5942975628137019,6.0
2.4090000000000003,-0.625086708215029,6.0
2.41,-0.6561371653011654,6.0
2.411,-0.6873981416443081,6.0
2.412,-0.7188183651759861,6.0
2.4130000000000003,-0.7503461581289067,6.0
2.414,-0.7819295115837436,6.0
2.415,-0.8135161605145481,6.0
2.416,-0.845053659226177,6.0
2.4170000000000003,-0.8764894570761925,6.0
2.418,-0.9077709743734192,6.0
2.419,-0.9388456783454376,6.0
2.42,-0.969661159066313,6.0
2.4210000000000003,-1.0001652052370342,6.0
2.422,-1.0303058797102218,6.0
2.423,-1.0600315946521455,6.0
2.424,-1.0892911862345076,6.0
2.4250000000000003,-1.1180339887498962,6.0
2.426,-1.1462099080453998,6.0
2.427,-1.1737694941696344,6.0
2.428,-1.200664013129893,6.0
2.4290000000000003,-1.226845517657061,6.0
2.43,-1.252266916877502,6.0
2.431,-1.2768820447929563,6.0
2.432,-1.3006457274703676,6.0
2.433,-1.3235138488464373,6.0
2.434,-1.3454434150527805,6.0
2.435,-1.3663926171700957,6.0
2.436,-1.386320892322157,6.0
2.437,-1.4051889830220827,6.0
2.438,-1.42295899468676,6.0
2.439,-1.4395944512369852,6.0
2.44,-1.4550603487044704,6.0
2.441,-1.4693232067688589,6.0
2.442,-1.482351118151433,6.0
2.443,-1.4941137957950987,6.0
2.444,-1.5045826177630928,6.0
2.445,-1.5137306697925554,6.0
2.446,-1.5215327854419638,6.0
2.447,-1.527965583775326,6.0
2.448,-1.5330075045290652,6.0
2.449,-1.536638840711392,6.0
2.45,-1.538841768587627,6.0
2.451,-1.5396003750083544,6.0
2.452,-1.53890068204143,6.0
2.453,-1.5367306688724365,6.0
2.454,-1.5330802909421344,6.0
2.455,-1.5279414962934759,6.0
2.456,-1.5213082391044694,6.0
2.457,-1.5131764903875264,6.0
2.458,-1.5035442458395774,6.0
2.459,-1.4924115308315926,6.0
2.46,-1.4797804025299885,6.0
2.461,-1.4656549491466362,6.0
2.462,-1.450041286318138,6.0
2.463,-1.4329475506192386,6.0
2.464,-1.4143838902191301,6.0
2.465,-1.3943624526937075,6.0
2.466,-1.3728973700106601,6.0
2.467,-1.3500047407084064,6.0
2.468,-1.3257026092938178,6.0
2.469,-1.300010942887674,6.0
2.47,-1.2729516051506955,6.0
2.471,-1.2445483275267981,6.0
2.472,-1.2148266778440442,6.0
2.473,-1.1838140263176857,6.0
2.474,-1.1515395090030167,6.0
2.475,-1.1180339887498953,6.0
2.476,-1.083330013713661,6.0
2.477,-1.0474617734814327,6.0
2.478,-1.0104650528754986,6.0
2.479,-0.9723771834991792,6.0
2.48,-0.933236993093548,6.0
2.481,-0.8930847527766864,6.0
2.482,-0.8519621222400772,6.0
2.483,-0.8099120929795773,6.0
2.484,-0.7669789296411678,6.0
2.485,-0.7232081095647342,6.0
2.486,-0.6786462606110275,6.0
2.487,-0.6333410973602193,6.0
2.488,-0.5873413557717023,6.0
2.489,-0.5406967263983098,6.0
2.49,-0.4934577862489806,6.0
2.491,-0.44567592939646655,6.0
2.492,-0.3974032964282578,6.0
2.493,-0.34869270284064435,6.0
2.494,-0.2995975664773108,6.0
2.495,-0.25017183411504496,6.0
2.496,-0.20046990730052963,6.0
2.497,-0.15054656754342943,6.0
2.498,-0.10045690097126175,6.0
2.499,-0.05025622255328892,6.0
2.5,-1.2004014554190414e-14,6.0
2.501,0.05025622255327913,6.0
2.5020000000000002,0.1004569009712697,6.0
2.503,0.1505465675434197,6.0
2.504,0.20046990730051995,6.0
2.505,0.25017183411503524,6.0
2.5060000000000002,0.29959756647731856,6.0
2.507,0.3486927028406348,6.0
2.508,0.39740329642824834,6.0
2.509,0.4456759293964572,6.0
2.5100000000000002,0.4934577862489916,6.0
2.511,0.5406967263983006,6.0
2.512,0.5873413557716933,6.0
2.513,0.6333410973602104,6.0
2.5140000000000002,0.678646260611038,6.0
2.515,0.7232081095647256,6.0
2.516,0.7669789296411593,6.0
2.517,0.809912092979569,6.0
2.5180000000000002,0.851962122240087,6.0
2.519,0.8930847527766785,6.0
2.52,0.9332369930935402,6.0
2.521,0.9723771834991717,6.0
2.5220000000000002,1.0104650528755077,6.0
2.523,1.0474617734814256,6.0
2.524,1.0833300137136541,6.0
2.525,1.1180339887498887,6.0
2.5260000000000002,1.151539509003025,6.0
2.527,1.1838140263176795,6.0
2.528,1.2148266778440384,6.0
2.529,1.2445483275267926,6.0
2.5300000000000002,1.2729516051506993,6.0
2.531,1.3000109428876687,6.0
2.532,1.325702609293813,6.0
2.533,1.3500047407084017,6.0
2.5340000000000003,1.372897370010663,6.0
2.535,1.3943624526937035,6.0
2.536,1.4143838902191264,6.0
2.537,1.432947550619235,6.0
2.5380000000000003,1.45004128631814,6.0
2.539,1.4656549491466335,6.0
2.54,1.479780402529986,6.0
2.541,1.4924115308315904,6.0
2.5420000000000003,1.5035442458395782,6.0
2.543,1.5131764903875249,6.0
2.544,1.521308239104468,6.0
2.545,1.527941496293475,6.0
2.5460000000000003,1.5330802909421373,6.0
2.547,1.536730668872433,6.0
2.548,1.5389006820414268,6.0
2.549,1.5396003750083516,6.0
2.5500000000000003,1.5388417685876288,6.0
2.551,1.5366388407113925,6.0
2.552,1.5330075045290659,6.0
2.553,1.52796558377533,6.0
2.5540000000000003,1.5215327854419614,6.0
2.555,1.5137306697925546,6.0
2.556,1.5045826177630948,6.0
2.557,1.494113795795101,6.0
2.5580000000000003,1.4823511181514326,6.0
2.559,1.4693232067688615,6.0
2.56,1.455060348704476,6.0
2.561,1.4395944512369907,6.0
2.562,1.4229589946867658,6.0
2.563,1.4051889830220863,6.0
2.564,1.386320892322161,6.0
2.565,1.3663926171700997,6.0
2.566,1.3454434150527845,6.0
2.567,1.323513848846444,6.0
2.568,1.3006457274703744,6.0
2.569,1.2768820447929634,6.0
2.57,1.2522669168775045,6.0
2.571,1.2268455176570554,6.0
2.572,1.200664013129898,6.0
2.573,1.1737694941696395,6.0
2.574,1.1462099080454053,6.0
2.575,1.1180339887498922,6.0
2.576,1.0892911862345112,6.0
2.577,1.060031594652149,6.0
2.578,1.0303058797102256,6.0
2.579,1.000165205237016,6.0
2.58,0.969661159066319,6.0
2.581,0.9388456783454436,6.0
2.582,0.9077709743734254,6.0
2.583,0.8764894570761862,6.0
2.584,0.8450536592261815,6.0
2.585,0.8135161605145526,6.0
2.586,0.7819295115837498,6.0
2.587,0.7503461581289019,6.0
2.588,0.7188183651759922,6.0
2.589,0.6873981416443159,6.0
2.59,0.6561371653011729,6.0
2.591,0.6250867082150092,6.0
2.592,0.5942975628137066,6.0
2.593,0.5638199686526266,6.0
2.594,0.5337035399972578,6.0
2.595,0.5039971943231789,6.0
2.596,0.4747490818351199,6.0
2.597,0.4460065161055862,6.0
2.598,0.41781590593158013,6.0
2.599,0.3902226885065514,6.0
2.6,0.36327126400268317,6.0
2.601,0.3370049316563073,6.0
2.602,0.31146582744793727,6.0
2.603,0.2866948634650547,6.0
2.604,0.2627316690344246,6.0
2.605,0.23961453370722585,6.0
2.606,0.2173803521785711,6.0
2.607,0.19606457121955312,6.0
2.608,0.1757011386973133,6.0
2.609,0.1563224547558213,6.0
2.61,0.1379593252266802,6.0
2.611,0.12064091733636784,6.0
2.612,0.10439471777291587,6.0
2.613,0.08924649317154187,6.0
2.614,0.07522025307573632,6.0
2.615,0.06233821542622264,6.0
2.616,0.05062077462714365,6.0
2.617,0.040086472234659665,6.0
2.618,0.0307519703098994,6.0
2.619,0.022632027474036365,6.0
2.62,0.015739477699581506,6.0
2.621,0.01008521186810385,6.0
2.622,0.005678162120582142,6.0
2.623,0.002525289022685673,6.0
2.624,0.000631571563227018,6.0
2.625,0.0,6.0
2.626,0.0006315715632265739,6.0
2.6270000000000002,0.002525289022686894,6.0
2.628,0.005678162120581032,6.0
2.629,0.010085211868102406,6.0
2.63,0.015739477699582505,6.0
2.6310000000000002,0.02263202747403692,6.0
2.632,0.030751970309900067,6.0
2.633,0.04008647223465622,6.0
2.634,0.050620774627139764,6.0
2.6350000000000002,0.06233821542622886,6.0
2.636,0.07522025307573266,6.0
2.637,0.08924649317154398,6.0
2.638,0.10439471777291154,6.0
2.6390000000000002,0.12064091733637516,6.0
2.64,0.1379593252266741,6.0
2.641,0.15632245475581463,6.0
2.642,0.1757011386973164,6.0
2.6430000000000002,0.19606457121955478,6.0
2.644,0.21738035217857454,6.0
2.645,0.23961453370721797,6.0
2.646,0.26273166903441636,6.0
2.6470000000000002,0.2866948634650651,6.0
2.648,0.3114658274479284,6.0
2.649,0.3370049316563114,6.0
2.65,0.36327126400267595,6.0
2.6510000000000002,0.3902226885065654,6.0
2.652,0.41781590593157025,6.0
2.653,0.44600651610557607,6.0
2.654,0.47474908183512216,6.0
2.6550000000000002,0.5039971943231814,6.0
2.656,0.5337035399972628,6.0
2.657,0.5638199686526185,6.0
2.658,0.5942975628136984,6.0
2.6590000000000003,0.6250867082150253,6.0
2.66,0.6561371653011617,6.0
2.661,0.6873981416443183,6.0
2.662,0.7188183651759806,6.0
2.6630000000000003,0.7503461581289186,6.0
2.664,0.7819295115837415,6.0
2.665,0.8135161605145442,6.0
2.666,0.8450536592261874,6.0
2.6670000000000003,0.8764894570761887,6.0
2.668,0.9077709743734277,6.0
2.669,0.938845678345432,6.0
2.67,0.9696611590663072,6.0
2.6710000000000003,1.0001652052370325,6.0
2.672,1.0303058797102178,6.0
2.673,1.0600315946521555,6.0
2.674,1.0892911862345038,6.0
2.6750000000000003,1.1180339887499038,6.0
2.676,1.1462099080453942,6.0
2.677,1.1737694941696286,6.0
2.678,1.2006640131299045,6.0
2.6790000000000003,1.2268455176570576,6.0
2.68,1.252266916877511,6.0
2.681,1.276882044792953,6.0
2.682,1.3006457274703642,6.0
2.6830000000000003,1.3235138488464526,6.0
2.684,1.345443415052775,6.0
2.685,1.366392617170106,6.0
2.686,1.3863208923221566,6.0
2.6870000000000003,1.4051889830220978,6.0
2.688,1.4229589946867574,6.0
2.689,1.4395944512369825,6.0
2.69,1.455060348704477,6.0
2.691,1.469323206768854,6.0
2.692,1.4823511181514415,6.0
2.693,1.4941137957950994,6.0
2.694,1.5045826177630937,6.0
2.695,1.5137306697925537,6.0
2.696,1.521532785441962,6.0
2.697,1.5279655837753305,6.0
2.698,1.5330075045290608,6.0
2.699,1.536638840711388,6.0
2.7,1.5388417685876288,6.0
2.701,1.5396003750083533,6.0
2.702,1.5389006820414324,6.0
2.703,1.5367306688724356,6.0
2.704,1.5330802909421362,6.0
2.705,1.5279414962934728,6.0
2.706,1.5213082391044663,6.0
2.707,1.5131764903875233,6.0
2.708,1.5035442458395774,6.0
2.709,1.4924115308315926,6.0
2.71,1.479780402529989,6.0
2.711,1.4656549491466369,6.0
2.712,1.4500412863181356,6.0
2.713,1.4329475506192364,6.0
2.714,1.4143838902191312,6.0
2.715,1.3943624526937117,6.0
2.716,1.3728973700106573,6.0
2.717,1.3500047407084077,6.0
2.718,1.3257026092938196,6.0
2.719,1.3000109428876756,6.0
2.72,1.272951605150694,6.0
2.721,1.2445483275267968,6.0
2.722,1.2148266778440497,6.0
2.723,1.1838140263176915,6.0
2.724,1.151539509003019,6.0
2.725,1.1180339887498978,6.0
2.726,1.0833300137136548,6.0
2.727,1.047461773481432,6.0
2.728,1.0104650528754953,6.0
2.729,0.9723771834991856,6.0
2.73,0.9332369930935545,6.0
2.731,0.8930847527766895,6.0
2.732,0.8519621222400803,6.0
2.733,0.8099120929795691,6.0
2.734,0.7669789296411675,6.0
2.735,0.7232081095647342,6.0
2.736,0.6786462606110346,6.0
2.737,0.6333410973602228,6.0
2.738,0.5873413557716932,6.0
2.739,0.5406967263983135,6.0
2.74,0.4934577862489712,6.0
2.741,0.44567592939646683,6.0
2.742,0.3974032964282581,6.0
2.743,0.3486927028406447,6.0
2.744,0.2995975664773147,6.0
2.745,0.25017183411503496,6.0
2.746,0.20046990730053363,6.0
2.747,0.15054656754343346,6.0
2.748,0.10045690097126224,6.0
2.749,0.050256222553289404,6.0
2.75,5.388445916248354e-15,6.0
2.751,-0.05025622255327153,6.0
2.7520000000000002,-0.10045690097127985,6.0
2.753,-0.15054656754341567,6.0
2.754,-0.20046990730051592,6.0
2.755,-0.2501718341150313,6.0
2.7560000000000002,-0.29959756647731817,6.0
2.757,-0.3486927028406411,6.0
2.758,-0.39740329642824096,6.0
2.759,-0.44567592939644984,6.0
2.7600000000000002,-0.49345778624898784,6.0
2.761,-0.5406967263982969,6.0
2.762,-0.5873413557716897,6.0
2.763,-0.6333410973602067,6.0
2.7640000000000002,-0.6786462606110433,6.0
2.765,-0.7232081095647187,6.0
2.766,-0.7669789296411526,6.0
2.767,-0.8099120929795657,6.0
2.7680000000000002,-0.8519621222400839,6.0
2.769,-0.8930847527766862,6.0
2.77,-0.9332369930935407,6.0
2.771,-0.9723771834991723,6.0
2.7720000000000002,-1.0104650528755015,6.0
2.773,-1.0474617734814193,6.0
2.774,-1.0833300137136517,6.0
2.775,-1.1180339887498865,6.0
2.7760000000000002,-1.1515395090030305,6.0
2.777,-1.1838140263176808,6.0
2.778,-1.2148266778440395,6.0
2.779,-1.244548327526794,6.0
2.7800000000000002,-1.2729516051506975,6.0
2.781,-1.3000109428876727,6.0
2.782,-1.3257026092938116,6.0
2.783,-1.3500047407084004,6.0
2.7840000000000003,-1.372897370010665,6.0
2.785,-1.3943624526937055,6.0
2.786,-1.4143838902191286,6.0
2.787,-1.432947550619231,6.0
2.7880000000000003,-1.450041286318141,6.0
2.789,-1.4656549491466329,6.0
2.79,-1.4797804025299857,6.0
2.791,-1.4924115308315902,6.0
2.7920000000000003,-1.5035442458395811,6.0
2.793,-1.5131764903875211,6.0
2.794,-1.5213082391044654,6.0
2.795,-1.5279414962934723,6.0
2.7960000000000003,-1.533080290942138,6.0
2.797,-1.5367306688724365,6.0
2.798,-1.5389006820414304,6.0
2.799,-1.5396003750083553,6.0
2.8000000000000003,-1.5388417685876226,6.0
2.801,-1.5366388407113911,6.0
2.802,-1.5330075045290643,6.0
2.803,-1.5279655837753288,6.0
2.8040000000000003,-1.5215327854419658,6.0
2.805,-1.5137306697925519,6.0
2.806,-1.5045826177630994,6.0
2.807,-1.4941137957951058,6.0
2.8080000000000003,-1.482351118151432,6.0
2.809,-1.4693232067688613,6.0
2.81,-1.455060348704476,6.0
2.811,-1.439594451236991,6.0
2.8120000000000003,-1.4229589946867514,6.0
2.813,-1.4051889830220916,6.0
2.814,-1.3863208923221664,6.0
2.815,-1.366392617170105,6.0
2.816,-1.3454434150527852,6.0
2.817,-1.3235138488464446,6.0
2.818,-1.3006457274703753,6.0
2.819,-1.276882044792952,6.0
2.82,-1.25226691687751,6.0
2.821,-1.2268455176570612,6.0
2.822,-1.2006640131299038,6.0
2.823,-1.173769494169641,6.0
2.824,-1.1462099080453934,6.0
2.825,-1.118033988749894,6.0
2.826,-1.089291186234517,6.0
2.827,-1.0600315946521548,6.0
2.828,-1.0303058797102314,6.0
2.829,-1.0001652052370218,6.0
2.83,-0.9696611590663209,6.0
2.831,-0.9388456783454315,6.0
2.832,-0.9077709743734274,6.0
2.833,-0.876489457076192,6.0
2.834,-0.845053659226187,6.0
2.835,-0.8135161605145582,6.0
2.836,-0.7819295115837411,6.0
2.837,-0.7503461581289042,6.0
2.838,-0.7188183651759944,6.0
2.839,-0.687398141644318,6.0
2.84,-0.6561371653011752,6.0
2.841,-0.6250867082150144,6.0
2.842,-0.5942975628137116,6.0
2.843,-0.5638199686526183,6.0
2.844,-0.5337035399972627,6.0
2.845,-0.5039971943231811,6.0
2.846,-0.47474908183512204,6.0
2.847,-0.4460065161055884,6.0
2.848,-0.41781590593157014,6.0
2.849,-0.39022268850655584,6.0
2.85,-0.3632712640026873,6.0
2.851,-0.3370049316563114,6.0
2.852,-0.31146582744793927,6.0
2.853,-0.28669486346505657,6.0
2.854,-0.2627316690344266,6.0
2.855,-0.23961453370721786,6.0
2.856,-0.21738035217857443,6.0
2.857,-0.19606457121955634,6.0
2.858,-0.1757011386973164,6.0
2.859,-0.15632245475582274,6.0
2.86,-0.13795932522667398,6.0
2.861,-0.12064091733636917,6.0
2.862,-0.10439471777291831,6.0
2.863,-0.08924649317154398,6.0
2.864,-0.07522025307573832,6.0
2.865,-0.06233821542622453,6.0
2.866,-0.05062077462714443,6.0
2.867,-0.04008647223465611,6.0
2.868,-0.030751970309900067,6.0
2.869,-0.022632027474037475,6.0
2.87,-0.015739477699582505,6.0
2.871,-0.010085211868104516,6.0
2.872,-0.005678162120581032,6.0
2.873,-0.002525289022685784,6.0
2.874,-0.0006315715632265739,6.0
2.875,0.0,6.0
2.876,-0.0006315715632265739,6.0
2.8770000000000002,-0.002525289022686561,6.0
2.878,-0.005678162120580477,6.0
2.879,-0.01008521186810385,6.0
2.88,-0.015739477699581506,6.0
2.8810000000000002,-0.022632027474036365,6.0
2.882,-0.0307519703098994,6.0
2.883,-0.040086472234655335,6.0
2.884,-0.05062077462714354,6.0
2.8850000000000002,-0.06233821542622697,6.0
2.886,-0.07522025307573621,6.0
2.887,-0.08924649317154176,6.0
2.888,-0.1043947177729092,6.0
2.8890000000000002,-0.12064091733637372,6.0
2.89,-0.13795932522667265,6.0
2.891,-0.1563224547558213,6.0
2.892,-0.1757011386973133,6.0
2.8930000000000002,-0.19606457121955156,6.0
2.894,-0.2173803521785712,6.0
2.895,-0.23961453370721608,6.0
2.896,-0.2627316690344247,6.0
2.8970000000000002,-0.28669486346506323,6.0
2.898,-0.31146582744793727,6.0
2.899,-0.3370049316563073,6.0
2.9,-0.3632712640026716,6.0
2.9010000000000002,-0.39022268850656106,6.0
2.902,-0.41781590593156814,6.0
2.903,-0.4460065161055864,6.0
2.904,-0.47474908183512005,6.0
2.9050000000000002,-0.5039971943231765,6.0
2.906,-0.5337035399972581,6.0
2.907,-0.5638199686526135,6.0
2.908,-0.5942975628137066,6.0
2.9090000000000003,-0.625086708215023,6.0
2.91,-0.6561371653011733,6.0
2.911,-0.687398141644316,6.0
2.912,-0.7188183651759785,6.0
2.9130000000000003,-0.750346158128913,6.0
2.914,-0.7819295115837359,6.0
2.915,-0.8135161605145529,6.0
2.916,-0.8450536592261818,6.0
2.9170000000000003,-0.8764894570761868,6.0
2.918,-0.9077709743734258,6.0
2.919,-0.93884567834543,6.0
2.92,-0.9696611590663194,6.0
2.9210000000000003,-1.0001652052370267,6.0
2.922,-1.030305879710226,6.0
2.923,-1.0600315946521497,6.0
2.924,-1.089291186234498,6.0
2.9250000000000003,-1.1180339887499025,6.0
2.926,-1.1462099080453927,6.0
2.927,-1.1737694941696404,6.0
2.928,-1.2006640131298987,6.0
2.9290000000000003,-1.2268455176570645,6.0
2.93,-1.2522669168775054,6.0
2.931,-1.276882044792952,6.0
2.932,-1.3006457274703753,6.0
2.9330000000000003,-1.323513848846452,6.0
2.934,-1.3454434150527856,6.0
2.935,-1.3663926171701006,6.0
2.936,-1.3863208923221513,6.0
2.9370000000000003,-1.4051889830220927,6.0
2.938,-1.4229589946867574,6.0
2.939,-1.4395944512369923,6.0
2.94,-1.4550603487044773,6.0
2.9410000000000003,-1.4693232067688662,6.0
2.942,-1.4823511181514368,6.0
2.943,-1.4941137957950947,6.0
2.944,-1.5045826177630963,6.0
2.945,-1.5137306697925492,6.0
2.946,-1.5215327854419696,6.0
2.947,-1.5279655837753316,6.0
2.948,-1.5330075045290623,6.0
2.949,-1.5366388407113944,6.0
2.95,-1.5388417685876248,6.0
2.951,-1.5396003750083533,6.0
2.952,-1.5389006820414286,6.0
2.953,-1.536730668872432,6.0
2.954,-1.5330802909421386,6.0
2.955,-1.5279414962934752,6.0
2.956,-1.5213082391044703,6.0
2.957,-1.5131764903875262,6.0
2.958,-1.5035442458395745,6.0
2.959,-1.4924115308315897,6.0
2.96,-1.4797804025299863,6.0
2.961,-1.465654949146639,6.0
2.962,-1.4500412863181393,6.0
2.963,-1.4329475506192377,6.0
2.964,-1.414383890219129,6.0
2.965,-1.3943624526937097,6.0
2.966,-1.3728973700106553,6.0
2.967,-1.350004740708406,6.0
2.968,-1.3257026092938191,6.0
2.969,-1.3000109428876805,6.0
2.97,-1.272951605150693,6.0
2.971,-1.2445483275267955,6.0
2.972,-1.2148266778440484,6.0
2.973,-1.1838140263176826,6.0
2.974,-1.1515395090030247,6.0
2.975,-1.1180339887498953,6.0
2.976,-1.0833300137136606,6.0
2.977,-1.047461773481438,6.0
2.978,-1.0104650528754946,6.0
2.979,-0.972377183499185,6.0
2.98,-0.9332369930935436,6.0
2.981,-0.8930847527766891,6.0
2.982,-0.851962122240076,6.0
2.983,-0.8099120929795759,6.0
2.984,-0.7669789296411744,6.0
2.985,-0.7232081095647291,6.0
2.986,-0.6786462606110345,6.0
2.987,-0.6333410973602104,6.0
2.988,-0.5873413557716933,6.0
2.989,-0.5406967263983136,6.0
2.99,-0.49345778624897846,6.0
2.991,-0.4456759293964742,6.0
2.992,-0.39740329642825195,6.0
2.993,-0.3486927028406522,6.0
2.994,-0.2995975664773013,6.0
2.995,-0.25017183411503535,6.0
2.996,-0.2004699073005341,6.0
2.997,-0.1505465675434269,6.0
2.998,-0.10045690097126983,6.0
2.999,-0.05025622255328279,6.0
